	error_rate	avg_char_duration	screen_size	swipe_finger
0	-0.14891812908072147	1.5876890077598684	Small	Index
1	-0.6841227267140412	1.43375297078118	Small	Thumb
2	0.645038586500939	-1.216413301556284	Small	Index
3	1.061170859379855	-0.9262565938327197	Small	Thumb
4	-0.9596284346463484	0.016613441028025287	Small	Index
5	-0.46681354907228334	-0.06032780379060773	Small	Thumb
6	-0.42565785175564025	0.5097189085905807	Small	Thumb
7	0.4278881242831905	-0.5968982492577158	Small	Thumb
8	0.9236043755499733	0.5062736718068708	Small	Index
9	-0.5232490668479044	-0.054639035994429715	Small	Thumb
10	-0.47881729412297114	0.3553808308863358	Small	Thumb
11	-0.9897826804597019	-0.6056903503541997	Small	Thumb
12	-0.8480740428018845	-0.505851229730564	Small	Index
13	1.782503600425788	-0.21830978614865695	Small	Thumb
14	0.825241834865073	-0.7619896263076191	Small	Index
15	-0.9965440371787133	-0.6366727234337466	Small	Thumb
16	0.4957273235706568	0.5338221128643663	Small	Index
17	-0.5825217800526824	-0.3823854976150434	Small	Thumb
18	-0.15744430162956316	1.7444579521090688	Small	Thumb
19	-0.7116067594785085	-0.2887537870086254	Small	Index
20	-0.08749789125561054	0.8458740059948477	Small	Index
21	-0.9619555145283716	2.0956368347833414	Small	Index
22	0.7305600197338022	-0.22989261866573465	Small	Thumb
23	-0.5851361788576329	-0.7961871204098189	Small	Thumb
24	-0.8731492770567527	0.9346390673372525	Small	Thumb
25	-1.0480347170059068	0.5845390351555437	Small	Other
26	0.7305600197338022	3.5795398118217743	Small	Thumb
27	-0.3037038369129405	0.4771410998200464	Small	Thumb
28	1.5678212370192601	-0.44094690068046594	Small	Thumb
29	0.923774146799677	-0.20376430244367089	Small	Thumb
30	-0.5335402495011059	0.39637636076301297	Small	Thumb
31	0.2654148990196582	-0.8445065428295984	Small	Thumb
32	0.6189251907624077	-0.5225135946206337	Small	Thumb
33	-0.011026053647271808	0.7028037091965745	Small	Index
34	-0.20377496187460822	1.7982348320765946	Small	Thumb
35	0.44232255148798816	-1.1129598536321779	Small	Thumb
36	1.218962396483653	0.4421253466162383	Small	Thumb
37	1.9194630024210257	-0.3798860844948405	Small	Index
38	-0.24624473376589912	-0.3553388792635209	Small	Thumb
39	-1.2230494872656004	-0.4341917295541877	Small	Thumb
40	0.04068347464027188	1.897209105715445	Small	Index
41	0.7863774342194992	1.1022266195699846	Small	Thumb
42	2.0329663577334043	-0.7877989161871687	Small	Thumb
43	1.29773697337879	1.2766534103347313	Small	Thumb
44	2.143169970948755	0.06687844918285499	Small	Thumb
45	0.8526606139212649	0.09942035944034754	Small	Thumb
46	-0.020828252189045333	-0.2508785771610911	Small	Thumb
47	-0.3876186030152729	0.16005444936090188	Small	Other
48	0.24215764298395154	-0.7632841342731413	Small	Thumb
49	-0.3385197328017148	-0.1870370712723586	Small	Index
50	0.7305600197338022	-0.2823329325690522	Small	Thumb
51	0.28942238912103385	0.2948059249522067	Small	Thumb
52	-0.1996565864145086	-0.9353459060674542	Small	Index
53	-0.6219388697273229	0.4080953060770048	Small	Thumb
54	-0.42207298189910153	0.45029981071556324	Small	Index
55	1.8229385496176103	-0.5009356514345203	Small	Index
56	-0.07693190982595131	-0.4161451952659365	Small	Thumb
57	-0.9709708412011616	-1.0533119803956066	Small	Thumb
58	-1.2230494872656004	0.43989037685653365	Small	Thumb
59	-0.3425494277729125	-0.6068505203829876	Small	Thumb
60	-1.2230494872656004	0.7652066005908816	Small	Thumb
61	0.8608006535337619	-0.4871483363753846	Small	Thumb
62	-0.3666727170740815	1.2079252666234008	Small	Thumb
63	0.3858054008515542	-0.8437633010449305	Small	Thumb
64	-0.26127249920435663	-0.5220629008085251	Small	Thumb
65	1.6781518704124887	-0.7292814969859586	Small	Index
66	2.1820662931361983	1.8100374576698706	Small	Index
67	-1.2230494872656004	1.3877526825957187	Small	Thumb
68	-0.9932130746774358	-0.4845603714449157	Small	Thumb
69	-0.35477859526586597	2.041199732502267	Small	Thumb
70	0.7611695687800474	-0.706091546517193	Small	Index
71	1.353309961939458	-0.1764513739506365	Small	Index
72	-0.8974479027657005	0.9398830012769346	Small	Thumb
73	-0.8817027056240203	0.7070388243463209	Small	Index
74	-0.6545224056700374	-1.0334983978662207	Small	Index
75	-0.7456055290262007	0.12396493131315031	Small	Index
76	1.6758549424754488	-1.0184293598836467	Small	Thumb
77	1.6468263218124561	1.9723058720865936	Small	Other
78	-1.2230494872656004	-0.4469523231986715	Small	Thumb
79	2.143169970948755	-0.09801466647350049	Small	Thumb
80	2.250034080733337	0.1817946648677629	Small	Thumb
81	2.4921520973990328	-0.457089556074473	Small	Index
82	-0.16787828945282096	-0.6827161332960276	Small	Index
83	-0.16787828945282096	-0.9490411718056306	Small	Index
84	-0.6028559929800763	-0.34415484962983134	Small	Thumb
85	-0.9572522754289476	0.5006964607991483	Small	Thumb
86	-0.3683453279533618	0.6724112857080567	Small	Thumb
87	-0.8627124019126968	-0.42723585134338876	Small	Index
88	-0.22709169938355253	-0.6265805784089167	Small	Thumb
89	-0.5831669634094486	-1.1158865920757148	Small	Index
90	2.6547919401617848	-0.8151298660200071	Small	Thumb
91	0.4345585792793471	0.02719815723401219	Small	Thumb
92	2.109578495262792	-0.8008971944791979	Small	Thumb
93	-0.2758448778113447	-0.4770387844769987	Small	Thumb
94	1.4715843154921966	0.7971895739473593	Small	Thumb
95	-0.7889140412657336	-0.14958972798668166	Small	Thumb
96	0.3562248297379839	0.4309509225594271	Small	Index
97	-0.8323275858657199	-0.04254095754795423	Small	Thumb
98	-1.0969261476856884	0.18070705097217513	Small	Index
99	0.4049584352339014	-0.8701948234557706	Small	Thumb
100	-0.40047706326585236	1.492698639926848	Small	Thumb
101	1.7073647732335036	-1.032741519802739	Small	Thumb
102	0.8097716700155693	-0.3924797548822581	Small	Index
103	-0.6177056963643776	-0.20945402221642134	Small	Thumb
104	-0.35477859526586597	0.21681647388104935	Small	Thumb
105	-0.5481814598057262	-0.4990491603380229	Small	Other
106	-1.2230494872656004	0.3647400586195104	Small	Thumb
107	-0.4441993152035806	-1.1877666318176168	Small	Index
108	-0.776510171380023	-0.920769095591935	Small	Thumb
109	0.19124945406576682	-0.38929328372798394	Small	Index
110	1.2633626125518211	-0.2191530715078847	Small	Thumb
111	-0.9788482988906752	1.051928611881743	Small	Thumb
112	-0.3005994120575158	0.1544796999301074	Small	Index
113	-0.24624473376589912	-0.1397319431621674	Small	Thumb
114	0.7232492480358483	0.05333265438832176	Small	Index
115	-0.5660416572669072	0.2110885999025051	Small	Index
116	-0.710627321495266	0.2156411591944773	Small	Thumb
117	1.0797687136442249	0.7125937730036819	Small	Other
118	-1.1349657182581117	0.04112428376632439	Small	Other
119	0.5802823653492323	0.6100164100783628	Small	Thumb
120	3.057822038200429	-0.10598356382402462	Small	Index
121	-1.2230494872656004	0.03623128369260687	Small	Thumb
122	-1.0969261476856884	2.3802271522881795	Small	Index
123	0.6284484461753514	1.288337038284456	Small	Index
124	0.33983811833392175	-0.7342927702376019	Small	Thumb
125	1.9515659616084289	-0.4839751536177509	Small	Thumb
126	-0.7346471105157498	-0.6884227119851916	Small	Thumb
127	0.43674015796856985	0.8421860719244657	Small	Index
128	-0.9862483349020364	-1.408419221585877	Small	Thumb
129	-1.2230494872656004	1.662547277005797	Small	Thumb
130	-0.3113650506658797	2.5851992522869995	Small	Thumb
131	-0.18683844982492046	-0.9169969499708089	Small	Index
132	-0.8731492770567527	-0.41079154858664674	Small	Thumb
133	-0.776510171380023	-1.4373410411831125	Small	Thumb
134	0.700504488856888	-0.5853304234579092	Small	Thumb
135	-0.031016567740541557	-0.954794894816047	Small	Thumb
136	-0.2596256208001417	0.8741007952460608	Small	Thumb
137	-0.19820515572493058	-0.9800968361107719	Small	Thumb
138	-0.5477276823769184	-0.4257929021985843	Small	Thumb
139	-0.37299275166007706	1.1962960800127496	Small	Index
140	-0.8153396771092037	-0.7298634705873875	Small	Thumb
141	-1.2230494872656004	-0.023436576188238176	Small	Thumb
142	-0.6125465163282872	0.9002253811392475	Small	Thumb
143	-0.7494471825384725	-0.6874733932320269	Small	Thumb
144	1.9606104500667594	-0.9016039540335162	Small	Thumb
145	0.908160884006475	-0.9746102228022273	Small	Thumb
146	-0.4512558215006842	1.2219037575067184	Small	Index
147	-0.4302804119614953	0.14212963767844322	Small	Thumb
148	0.8608006535337619	1.0100931702223264	Small	Thumb
149	0.21961599482626598	-0.8756561594928357	Small	Thumb
150	-0.8928619649558427	-0.9171322523128579	Small	Thumb
151	0.4345585792793471	0.35549783657590306	Small	Thumb
152	0.33983811833392175	-0.39227528775836773	Small	Thumb
153	-0.2700692399488188	-0.295820285413506	Small	Thumb
154	0.7721261794571936	0.46177046198413263	Small	Thumb
155	2.195767149983354	-0.7840068741344792	Small	Thumb
156	-0.1978475752022679	-0.5470677526984986	Small	Index
157	-0.5570436150564191	-0.8070541705491373	Small	Index
158	-0.5335402495011059	-1.0745255639751237	Small	Thumb
159	-0.6068789257606594	-0.35011123261804217	Small	Index
160	1.747097908129213	2.031563084712444	Small	Index
161	1.846908309447746	-0.6980303920990409	Small	Thumb
162	-0.36745408274031466	-0.4794329511885678	Small	Thumb
163	1.710048868177696	-0.26837439194042234	Small	Other
164	-0.9336258565990225	3.587631377089892	Small	Thumb
165	-0.7188921951367229	-0.8175268249551368	Small	Thumb
166	0.3642582371714142	-0.17721142480848842	Small	Thumb
167	-0.5992219379180805	-0.29640113588149863	Small	Index
168	-1.2230494872656004	0.6013148112880142	Small	Thumb
169	-0.9749720895513909	-0.7487467752292448	Small	Thumb
170	0.2708871945574714	-1.2379237618950016	Small	Thumb
171	-1.2230494872656004	-1.2787972461485417	Small	Thumb
172	1.6185643410971666	-0.3586544499546364	Small	Thumb
173	0.05805156047730989	-0.505397828711797	Small	Index
174	-0.9749720895513909	-0.38905689293231344	Small	Thumb
175	-0.7494471825384725	-0.7998442132862296	Small	Thumb
176	-0.710627321495266	-0.9008217894788784	Small	Thumb
177	0.46351987129503486	-0.8892034399203829	Small	Thumb
178	-0.770038587091826	-0.47494932868269574	Small	Thumb
179	2.0329663577334043	4.156883893109689	Small	Thumb
180	-1.2230494872656004	-0.4484831851292622	Small	Thumb
181	-0.6878919975324848	-1.353005737218659	Small	Other
182	-0.7268946918371814	4.304588558987462	Small	Thumb
183	-0.5660416572669072	-0.25076021711221314	Small	Index
184	-0.0508837830659589	-0.4483715482816124	Small	Thumb
185	2.0788257358319813	-0.28037464585014643	Small	Thumb
186	-1.104648911083819	0.08361428965262886	Small	Thumb
187	-0.6125465163282872	-0.9508952259305284	Small	Thumb
188	0.12005704879648887	0.05851758598109384	Small	Thumb
189	-0.5992219379180805	-1.124284160005693	Small	Index
190	-0.6932570785877966	-1.0313473719385873	Small	Thumb
191	2.042696727514806	-0.6505579231746348	Small	Other
192	1.7750719152355892	2.2338417078292885	Small	Index
193	-1.0029244723924287	-0.18002064856340752	Small	Thumb
194	-0.8387328629378495	0.43214974188514477	Small	Thumb
195	2.5961833508797496	-0.6024601277249854	Small	Index
196	-0.24624473376589912	-0.7790546501798533	Small	Thumb
197	-0.16787828945282096	-0.8720698850528421	Small	Index
198	-1.2230494872656004	-0.9922890062297554	Small	Thumb
199	-0.267326850747907	-0.4124653120660665	Small	Thumb
200	0.32054320962281596	-1.2027675800160122	Small	Thumb
201	0.1723858748768294	1.4330925175640081	Small	Thumb
202	-0.6219388697273229	-1.0286699883786576	Small	Thumb
203	0.7305600197338022	-0.10212689404343842	Small	Thumb
204	-0.6398824702508541	0.43999674221190227	Small	Thumb
205	-0.7020869520657603	-0.8253237075832803	Small	Thumb
206	-0.8323275858657199	-0.6853047304506061	Small	Thumb
207	0.10143153442890977	0.28184081349284873	Small	Thumb
208	0.13598321325572266	-0.6541361344841201	Small	Thumb
209	-0.10670119755165657	-0.3206650522656067	Small	Thumb
210	-0.3113650506658797	-0.183013369687861	Small	Thumb
211	0.04105078196930678	-0.91063154394244	Small	Thumb
212	0.7935796812499115	-1.147239710012182	Small	Thumb
213	0.8353372549414949	-0.49141778606631104	Small	Index
214	-0.40047706326585236	0.07668059979772648	Small	Thumb
215	-1.0969261476856884	-0.614258809355315	Small	Index
216	-0.5928528721045034	-0.7192403397056845	Small	Thumb
217	-0.8449315181689422	-0.9104311492977162	Small	Thumb
218	-0.9965440371787133	-1.1023236271449572	Small	Thumb
219	1.100161818355311	0.17634935272763477	Small	Thumb
220	-0.9762705816814202	-0.5772817332711605	Small	Index
221	-0.97052507853836	-0.42863006506205314	Small	Index
222	0.04068347464027188	0.5245067966410554	Small	Index
223	-0.40446811670466903	-0.27771311345815985	Small	Index
224	-0.770038587091826	-1.0828308604840458	Small	Thumb
225	-0.24624473376589912	-0.20991459572805188	Small	Thumb
226	0.38945359787676337	-0.8549105840557347	Small	Thumb
227	-1.0969261476856884	-1.1277975478193205	Small	Index
228	-0.21473490300784448	1.3667398533145285	Small	Thumb
229	-0.5070544916648204	0.08364387302505417	Small	Index
230	-0.8509333906942858	1.512398618502559	Small	Thumb
231	2.953632907008984	-0.2843799393924868	Small	Thumb
232	0.07935685073400083	-0.13538230234741666	Small	Thumb
233	2.684169526733205	-1.1584015627448276	Small	Thumb
234	-1.041547328852757	-0.999066699969134	Small	Other
235	1.5349874637923795	2.01553345095538	Small	Thumb
236	-0.9744143422044317	-1.1429584898076757	Small	Index
237	-1.2230494872656004	0.5501107087984078	Small	Thumb
238	-1.0969261476856884	-1.051694243948599	Small	Index
239	1.55749630440822	0.19951886064924276	Small	Index
240	-0.24624473376589912	-0.3196880217181077	Small	Thumb
241	0.07935685073400083	-1.0241310924793452	Small	Thumb
242	-0.1600711645937208	-0.026860775193044133	Small	Index
243	-0.9863252121817763	0.5709334655037469	Small	Index
244	-0.5718463182657998	0.604265090890487	Small	Thumb
245	-0.6068789257606594	-0.8493976230848617	Small	Index
246	-0.22546165390420342	0.12963283422895258	Small	Thumb
247	0.29318475697274154	-0.64821776012508	Small	Thumb
248	-0.37299275166007706	2.5875586523510825	Small	Index
249	-0.47479588547617857	-0.10746762073672753	Small	Index
250	-1.2230494872656004	1.6843481720373987	Small	Thumb
251	0.19775742691578313	-0.332600752759986	Small	Thumb
252	-0.8480740428018845	-1.1315565663637466	Small	Index
253	-0.20377496187460822	-0.21986467248233713	Small	Thumb
254	-1.0969261476856884	0.016716123901994638	Small	Index
255	1.9737660696425132	0.5044193897970095	Small	Thumb
256	2.13454466355907	-0.7068338627995129	Small	Index
257	1.9999000464238714	-0.21605571578989066	Small	Index
258	0.7305600197338022	-0.07643381698126528	Small	Thumb
259	-0.10670119755165657	0.05243442207990339	Small	Thumb
260	-0.42449377637533375	-0.9574233056369285	Small	Thumb
261	-1.2230494872656004	0.7071379150642197	Small	Thumb
262	0.8154995635163849	-0.03539658589205698	Small	Thumb
263	-0.8509333906942858	0.29295007488964986	Small	Thumb
264	-0.8996934309346655	0.8791971428805776	Small	Thumb
265	-0.5026524643810827	0.09863171296167308	Small	Index
266	-0.7421609932349785	-0.6108799489615421	Small	Thumb
267	-0.42207298189910153	-0.4443945322751693	Small	Index
268	0.22569343177640477	-1.4052033752396114	Small	Other
269	0.5581827102926782	-0.852769890105214	Small	Thumb
270	-0.3065644122076851	-0.6022421927132201	Small	Other
271	0.0049336314197381236	-0.6638366043025515	Small	Thumb
272	-0.6442022259324447	-0.01413975575150853	Small	Thumb
273	-0.20377496187460822	0.45060210705953957	Small	Thumb
274	-0.8661068040253486	-1.2499661834188869	Small	Index
275	0.19124945406576682	0.7525844523768107	Small	Index
276	-0.5292529353395202	-0.9748842895593788	Small	Other
277	-0.38149462271201157	-0.4711759003646647	Small	Thumb
278	0.7305600197338022	3.5265484874944804	Small	Thumb
279	0.5529591554611287	-0.2720546528057076	Small	Thumb
280	-0.9788482988906752	-0.27259893840982713	Small	Thumb
281	0.187471813004912	-0.8378477078061767	Small	Index
282	-0.6369666351657797	-0.23188894031214347	Small	Thumb
283	-1.2230494872656004	0.8294748095913896	Small	Thumb
284	-0.8323275858657199	-0.5088712319110276	Small	Thumb
285	1.381763188733603	-0.5139953858147034	Small	Thumb
286	0.24215764298395154	-0.8095648223219433	Small	Thumb
287	0.4957273235706568	-0.20726287873587268	Small	Index
288	-0.6398824702508541	-0.3593094183776353	Small	Thumb
289	-0.0794731904854626	-1.072756032447708	Small	Thumb
290	-0.4186220432070231	-0.014867480186192753	Small	Thumb
291	-0.06535496459928804	-0.8265117310909053	Small	Thumb
292	-0.10670119755165657	-0.03917587452410338	Small	Thumb
293	-0.906247945590022	-0.8491434243184028	Small	Thumb
294	-0.8588319495746364	0.35594002947528414	Small	Other
295	-0.06352504038195307	-0.8659979418499905	Small	Index
296	0.546287751229588	0.05733191063435677	Small	Index
297	2.1593192114199318	-0.7241345081005268	Small	Thumb
298	-0.4592322364086914	-0.816959205795819	Small	Thumb
299	0.7615696944480779	-0.8740229948821114	Small	Thumb
300	-0.5928528721045034	-1.0479117631983577	Small	Thumb
301	-0.7494471825384725	-0.3858891766107233	Small	Thumb
302	1.1983256763392924	0.10819876501559579	Small	Thumb
303	-0.014631235513393008	2.456455071807871	Small	Thumb
304	1.902725723933444	0.1503718030089421	Small	Thumb
305	-0.6219388697273229	-0.7528505460226333	Small	Thumb
306	-0.8449315181689422	-0.5748423875080305	Small	Thumb
307	-0.23388011663299188	-0.986785233712529	Small	Thumb
308	0.013985104039040531	0.13585308082141745	Small	Thumb
309	-0.5366461469685133	-0.6849617767537187	Small	Thumb
310	-1.0969261476856884	2.4090908172473333	Small	Index
311	0.24215764298395154	-0.06645474300038873	Small	Thumb
312	-0.04517385534659259	-0.5732400165719117	Small	Index
313	-1.0969261476856884	-0.8618216957319318	Small	Index
314	-1.2230494872656004	0.2712577704480887	Small	Thumb
315	-0.8062959522009538	0.7530262905499914	Small	Index
316	-0.9798192747991931	-0.6389900364511613	Small	Index
317	-1.0602486950156504	0.06085847088854478	Small	Thumb
318	-0.6215072010420035	-0.689454335576864	Small	Index
319	0.07935685073400083	-1.2483761467878747	Small	Thumb
320	1.8094190012110845	-0.7123629792384144	Small	Thumb
321	-0.3235458293665953	-0.053826205492585474	Small	Thumb
322	-0.9744143422044317	-1.094396016602791	Small	Index
323	0.7305600197338022	-0.8559372225502104	Small	Thumb
324	-0.28815680681332567	1.0695164428165203	Small	Index
325	1.1212819211336826	0.41312471059296385	Small	Thumb
326	-0.24624473376589912	0.3451107892300184	Small	Thumb
327	0.6375309955909728	0.22013801712787937	Small	Thumb
328	0.19775742691578313	-0.82994814356267	Small	Thumb
329	0.9747612081087276	-0.9665021480394307	Small	Thumb
330	0.23028507836126533	-0.8352043038259817	Small	Index
331	0.017337501305448574	-1.1177748501414018	Small	Thumb
332	0.7192576353259325	2.5200510413861443	Small	Index
333	-0.04296429170722472	-0.6855077086669297	Small	Index
334	-0.46681354907228334	-0.2979572316653329	Small	Thumb
335	-0.5017167462196672	-0.918837843728525	Small	Thumb
336	-0.38149462271201157	0.9389586992963864	Small	Thumb
337	1.5349874637923795	2.0836239690223235	Small	Thumb
338	0.9986705250200287	0.28720267381498793	Small	Index
339	-0.2716509472017286	0.08764110378503058	Small	Other
340	-0.7633766620892706	-0.7353025176936425	Small	Thumb
341	-0.6068789257606594	0.48012346259910804	Small	Index
342	-0.6219388697273229	-0.3644329230872778	Small	Thumb
343	2.9446507943331253	0.8525608648264185	Small	Thumb
344	-1.2230494872656004	1.086110747864222	Small	Thumb
345	-0.6878140058959011	-0.5341378374462075	Small	Thumb
346	-0.6841227267140412	2.5959770720238073	Small	Thumb
347	-0.9880287946942438	3.3130956283695405	Small	Thumb
348	-1.1097967622221567	0.5688209167401844	Small	Thumb
349	0.09770060197343187	2.546739673193109	Small	Thumb
350	-0.6484584557951886	-0.8436463203254106	Small	Thumb
351	-1.0928088534656408	0.6682853139244492	Small	Thumb
352	-1.2230494872656004	-0.14630822179806188	Small	Thumb
353	0.0794733440115017	-0.614217958881216	Small	Other
354	-0.9862483349020364	-0.7079503078690714	Small	Thumb
355	1.218962396483653	0.7238352208382581	Small	Thumb
356	1.9795890487989942	-0.14139948130627003	Small	Thumb
357	-0.9897826804597019	-0.8184822822680901	Small	Thumb
358	-0.7604500622089962	0.33666988298530953	Small	Index
359	-0.06309384248470512	0.5243339122323502	Small	Thumb
360	-0.7633766620892706	-0.1900157666214766	Small	Thumb
361	-0.4066156634449546	-0.7518353759318275	Small	Thumb
362	0.1771966293193877	-0.19789555675242285	Small	Index
363	-1.0969261476856884	-0.23828532244889594	Small	Index
364	-0.05671545323610686	0.6804438752517614	Small	Thumb
365	0.790890309483051	-1.4423301674135423	Small	Other
366	0.24923593829916615	-0.006446847194062759	Small	Thumb
367	-0.7280172139987839	0.9275575673840405	Small	Thumb
368	1.1813929828875107	0.08905344373068116	Small	Thumb
369	-1.097010164233381	0.049674218209311935	Small	Thumb
370	-0.6143038836686141	-0.3815941891194241	Small	Index
371	1.325136826211881	-0.5706279576935275	Small	Thumb
372	-0.9788482988906752	0.3260355873063471	Small	Thumb
373	0.8296707933502125	-0.28046794021553373	Small	Index
374	-0.7116067594785085	0.03738229672594273	Small	Index
375	-0.0020435453909737867	0.09056624162054579	Small	Thumb
376	-1.2230494872656004	-0.4952789927528121	Small	Thumb
377	-0.03904372544778084	-0.08845644421175435	Small	Thumb
378	-0.8509333906942858	0.045672731757394315	Small	Thumb
379	-0.8694042232204968	-0.8230917956656665	Small	Index
380	-0.2596256208001417	0.4065642334007843	Small	Thumb
381	0.6524156394538261	-0.8014536329211251	Small	Thumb
382	-0.6219388697273229	1.3123627161410758	Small	Thumb
383	1.741047695767976	-0.6672063644552875	Small	Thumb
384	-1.1097967622221567	-0.9762488367629105	Small	Thumb
385	-0.5626744426460842	-0.7296326114173939	Small	Thumb
386	-1.0969261476856884	-0.9875750012686226	Small	Index
387	-0.7346471105157498	1.8652882513133362	Small	Thumb
388	-1.2230494872656004	2.1613807970651004	Small	Thumb
389	-1.1349657182581117	1.9971622922103187	Small	Other
390	-0.26127249920435663	-0.39536058587244144	Small	Thumb
391	-0.24624473376589912	2.3987070675047653	Small	Thumb
392	1.55749630440822	-0.07554077575286641	Small	Index
393	2.9459634331958027	0.41596807942594216	Small	Index
394	-1.2230494872656004	-0.3548980506611198	Small	Thumb
395	1.4513194063244639	-0.9289799300362924	Small	Index
396	-0.5660416572669072	-0.7706975845750708	Small	Index
397	-1.2230494872656004	0.6557705972341965	Small	Thumb
398	-0.2771780374802169	-0.6239764920429174	Small	Index
399	0.5134922967338685	-1.3634349398466155	Small	Thumb
400	1.0741044312096921	1.7193505517594638	Small	Other
401	-1.2230494872656004	0.27420543591405844	Small	Thumb
402	-0.1600711645937208	3.1615648500299103	Small	Index
403	0.8109399897568079	0.49163096859441363	Small	Index
404	-0.3503698330342766	-0.5559383181042323	Small	Index
405	-0.5831669634094486	-0.22528972431366687	Small	Index
406	2.2358001316841616	-0.37433310757103344	Small	Thumb
407	1.9828738062718803	-0.14703529662854978	Small	Thumb
408	-1.1349657182581117	0.4679766009380154	Small	Other
409	0.6533291646443963	0.21468381687086327	Small	Other
410	1.244667784733645	0.5724025973131541	Small	Thumb
411	0.9603964323219668	-0.8957283200506175	Small	Thumb
412	-0.6442022259324447	0.9732532260888014	Small	Thumb
413	1.7073647732335036	-0.6545934993522582	Small	Thumb
414	1.791090894962049	0.5723577914754988	Small	Thumb
415	-0.8323275858657199	-0.09853919733806271	Small	Thumb
416	-0.6398824702508541	-0.7857012200041333	Small	Thumb
417	-0.38149462271201157	0.9474380229895474	Small	Thumb
418	-0.16787828945282096	-1.1533703461629616	Small	Index
419	1.0865503854883325	1.488970120541231	Small	Index
420	2.125995381876232	-0.01544172019607793	Small	Thumb
421	-0.17364877304432924	-0.532693203008565	Small	Index
422	1.747097908129213	0.35623991100890384	Small	Index
423	-1.2230494872656004	-0.16969923638837325	Small	Thumb
424	-1.0969261476856884	3.9392260226299753	Small	Index
425	-0.7349594496728831	-0.5053015707414428	Small	Index
426	-0.1410503756967009	1.1210482633748786	Small	Thumb
427	-1.2230494872656004	0.6867110106012408	Small	Thumb
428	0.4297923042815829	0.7209688718403149	Small	Other
429	-0.7565158736538031	-0.4057391763127836	Small	Thumb
430	1.0096470921622882	-1.144068078021461	Small	Thumb
431	0.07935685073400083	0.8791123672805701	Small	Thumb
432	2.889812632733142	-0.7138029445179533	Small	Thumb
433	0.7615696944480779	-0.24310084555506314	Small	Thumb
434	-1.2230494872656004	-0.9606746745612142	Small	Thumb
435	-0.020828252189045333	-1.259100958974563	Small	Thumb
436	-1.1064160838626516	-1.2787016785232939	Small	Thumb
437	2.684169526733205	2.4215068283191443	Small	Thumb
438	1.5349874637923795	-0.4391103842333388	Small	Thumb
439	0.7782090320996409	2.057822448535747	Small	Thumb
440	-0.710627321495266	0.16485128687941636	Small	Thumb
441	-0.49044592214082444	2.657330170422489	Small	Thumb
442	-0.011026053647271808	-0.7313334071944001	Small	Index
443	0.6003193859338418	0.055121964381190644	Small	Thumb
444	-0.24624473376589912	2.2177827028199575	Small	Thumb
445	-0.8556150156771513	-0.02290090173437508	Small	Index
446	0.3161580030975648	-0.6118197136069019	Small	Thumb
447	-0.3879187056475359	-0.6768239247046355	Small	Thumb
448	-0.7556432609879006	-0.4634970649953051	Small	Index
449	-0.9684863516166284	-0.5354664884200232	Small	Index
450	-0.8509333906942858	-0.057995626738799294	Small	Thumb
451	2.884707530455174	0.2911029518878359	Small	Index
452	0.2708871945574714	0.11150360154749323	Small	Thumb
453	-0.9668384043804332	-1.073788285642279	Small	Thumb
454	1.381763188733603	-0.19757259248593773	Small	Thumb
455	0.06843005079456382	0.016425048356414142	Small	Index
456	0.5227214502021202	-1.1213477469280393	Small	Index
457	0.7305600197338022	-0.2134958525290441	Small	Thumb
458	1.3046941661135616	0.9376128496277296	Small	Index
459	1.244667784733645	-0.4864207599197575	Small	Thumb
460	-0.47881729412297114	-0.277422727585364	Small	Thumb
461	-0.44160568446583937	0.9268223269288829	Small	Thumb
462	0.47574138838605334	-0.8060331810118976	Small	Thumb
463	-0.22594378059237466	-0.16847286495905728	Small	Index
464	-0.37299275166007706	-0.18596253725736298	Small	Index
465	2.9362481727976437	-0.15688960547834654	Small	Thumb
466	-0.484367120279402	2.0600599112917743	Small	Index
467	1.528513198649051	1.3203628072436517	Small	Thumb
468	0.947627742733736	-0.1362050605665663	Small	Thumb
469	0.2597786611623088	1.0376944116618818	Small	Index
470	-0.8797461288780055	-1.0359684873806512	Small	Index
471	-0.17334885663905597	-0.057243606736564444	Small	Thumb
472	-1.0969261476856884	-0.6059169906041298	Small	Index
473	-0.6188403613894972	0.39414509070580517	Small	Thumb
474	-0.17110590657361446	-0.6649904180602237	Small	Thumb
475	0.12426741411329803	1.3264041992503588	Small	Thumb
476	0.7305600197338022	1.2063513879818386	Small	Thumb
477	0.12005704879648887	1.848429229906147	Small	Thumb
478	-1.1009488930781377	0.1738252697163985	Small	Thumb
479	-1.0969261476856884	-0.21527246339810693	Small	Index
480	-0.7020869520657603	0.004332549494566041	Small	Thumb
481	-1.2230494872656004	2.7075313339802354	Small	Thumb
482	-0.10670119755165657	-0.7370511191584129	Small	Thumb
483	0.058005927160236614	-0.2619740494806583	Small	Thumb
484	-0.6481521112457627	-0.2254087838044954	Small	Other
485	0.46655873500415307	-0.5884585993758574	Small	Thumb
486	-0.1831085822107366	1.1114637242429979	Small	Index
487	-0.7188921951367229	-0.590825938292764	Small	Thumb
488	-0.859216674363846	-0.012730293301077236	Small	Index
489	0.5922517763740713	-1.0794185599584147	Small	Index
490	0.5134922967338685	-0.9831759464550173	Small	Thumb
491	-0.9788482988906752	-0.3445319789220914	Small	Thumb
492	-1.1036109972568962	-0.896214943186302	Big	Thumb
493	-1.0547376095333896	-1.294545258876896	Big	Index
494	3.5759970790704916	0.4516186633591759	Big	Index
495	-1.1780077305659988	-0.8211048245056967	Big	Thumb
496	-0.8457023217853379	-0.017512487838221593	Big	Thumb
497	-1.1878449606430315	2.2544460969373525	Big	Index
498	-0.7445658930260061	-0.08131279880531894	Big	Thumb
499	1.7296645962647872	-0.4073069274733963	Big	Thumb
500	-1.0292142639477928	-0.5132544696181749	Big	Thumb
501	1.7360550848951846	-0.5265594741219705	Big	Thumb
502	-1.0566667015784563	-0.5349398919183409	Big	Index
503	-0.856421851100843	1.5445250758942857	Big	Thumb
504	-1.1780077305659988	4.355690224491177	Big	Thumb
505	0.4001023859281423	-0.06184967950545913	Big	Index
506	-1.033527118052668	-0.5349226005147022	Big	Thumb
507	-0.6631319243847306	0.29913263329385864	Big	Index
508	-0.4556046679993442	0.8332191815683687	Big	Thumb
509	-0.9497063046861554	-0.6300560047032474	Big	Thumb
510	0.2691287270272029	-0.5480185665181709	Big	Thumb
511	0.05041984691701357	2.2353087816838255	Big	Thumb
512	-0.4694878276703579	-0.23094489182151684	Big	Index
513	0.7278615256760279	0.05658113736511817	Big	Thumb
514	-1.1780077305659988	1.1594573571602635	Big	Thumb
515	1.6358687147541162	-0.32845067180128085	Big	Thumb
516	-0.9757051198120387	-0.905924070372908	Big	Index
517	0.9558839572280531	0.34793000609462715	Big	Index
518	1.3142828352889604	0.2685494767640259	Big	Thumb
519	0.5949868330073319	-0.6919637179199145	Big	Index
520	0.700240232107303	-0.8485767205032088	Big	Thumb
521	-1.1780077305659988	-0.4844290237030219	Big	Thumb
522	-0.8009584284791013	-0.22038112611784966	Big	Other
523	-1.1536136346367576	1.3254758667474689	Big	Other
524	-0.7945784127421595	-0.1536412208955385	Big	Thumb
525	-0.8664714098341288	-0.38772814878488693	Big	Thumb
526	1.8292549978421997	2.878188905447856	Big	Index
527	-0.7945784127421595	-0.27543091277209164	Big	Thumb
528	-1.1780077305659988	0.5827025670077526	Big	Thumb
529	-0.22785861021591303	2.308384410106019	Big	Index
530	-0.880420797329586	-0.4182073825378636	Big	Thumb
531	-0.710703249468194	-0.8176886141286144	Big	Thumb
532	0.5812561982727958	0.5265109314490386	Big	Thumb
533	-0.0703230346304614	-0.6506929187595482	Big	Thumb
534	0.9892014571339649	0.3646491668922164	Big	Thumb
535	-0.6000852805126751	-0.07635666554463767	Big	Thumb
536	0.3439134798187012	-1.1044250118213077	Big	Index
537	-0.880420797329586	-0.5186615133964655	Big	Thumb
538	2.514274589219125	0.13329611928757779	Big	Thumb
539	0.24130765127102488	-0.24488045475638234	Big	Index
540	1.7116045197006207	0.007772690219368522	Big	Thumb
541	-0.22856370547839558	0.27759838485643173	Big	Thumb
542	1.5857204216692031	-0.8182872585395999	Big	Thumb
543	0.4299216667597808	-0.43339308768994	Big	Thumb
544	-0.7178925491773914	0.7971913568792925	Big	Thumb
545	0.24886930530231643	-0.20246517201962155	Big	Index
546	-0.5278449742560097	-1.1415534921264816	Big	Thumb
547	-1.1780077305659988	-0.7902691047908526	Big	Thumb
548	-0.25777736778878313	-0.5437895161980052	Big	Thumb
549	-0.7498788376371112	0.8563965582633626	Big	Index
550	0.96722643827499	-0.9510405791527653	Big	Index
551	-0.25777736778878313	-0.8715461425027273	Big	Thumb
552	1.8292549978421997	-0.023913845710105984	Big	Index
553	-0.43356997102172395	-0.1353857224818387	Big	Index
554	1.763806707212945	-1.176346014524398	Big	Other
555	-0.5738160782375239	-0.7941893520792245	Big	Thumb
556	-0.9564707913788915	4.560818942774452	Big	Thumb
557	-0.8615263888701313	-0.9810445858166323	Big	Thumb
558	0.6075138688524794	-1.1119158619352136	Big	Thumb
559	1.3142828352889604	0.5705598041520054	Big	Thumb
560	-0.9085709126357332	0.11408325819344259	Big	Thumb
561	0.7515075462249373	-0.5789027922154166	Big	Thumb
562	0.8447658669232951	1.0321692919470378	Big	Other
563	-0.8664714098341288	-0.8052389791168701	Big	Thumb
564	0.012340002379652677	-0.9838447060856219	Big	Thumb
565	-0.7352799668702468	0.6915293021708365	Big	Index
566	2.0182122317518107	-0.6825265260862302	Big	Thumb
567	-0.6308418913842199	-0.5543495047556648	Big	Index
568	-0.3649995174197867	-0.12018425769915186	Big	Index
569	-0.39916692873632403	2.953187359922948	Big	Thumb
570	-0.7276093737554543	-0.7737290539452278	Big	Index
571	-0.22856370547839558	-0.3942143259876638	Big	Thumb
572	0.5557596195939722	2.062392215077567	Big	Thumb
573	-0.782562876667404	-0.7251165244956905	Big	Index
574	-0.24339876837038907	-0.4036863573035725	Big	Thumb
575	0.030375574090951048	-0.48271414876658303	Big	Thumb
576	0.8469783541911556	-0.5156961006992297	Big	Thumb
577	-0.6221387184270506	-0.7442939585443322	Big	Index
578	-0.8003879478607028	-0.7252619163699223	Big	Thumb
579	-0.5738160782375239	-1.0806244498011093	Big	Thumb
580	0.18142348717306925	0.09694224572564841	Big	Thumb
581	3.252731053176151	-0.20103553740227662	Big	Thumb
582	-0.24339876837038907	-0.9083274491474459	Big	Thumb
583	1.3142828352889604	-1.2235655752611931	Big	Thumb
584	1.1336820696472967	-1.0342467669985778	Big	Thumb
585	1.9373554767527001	-0.04054762769174614	Big	Thumb
586	1.0877109656657817	-0.5321968171065725	Big	Thumb
587	-0.8640183679386032	0.7334266520659153	Big	Thumb
588	-0.2762032465683578	-0.9460095784815814	Big	Index
589	-0.710703249468194	-0.16904864064577424	Big	Thumb
590	-0.5707108782255986	1.3281438383978894	Big	Index
591	0.2667983945673104	-0.560601064539196	Big	Thumb
592	1.856085132213951	-0.09166639465692515	Big	Thumb
593	-0.15177043874336882	-0.9966474015532424	Big	Thumb
594	0.20659813935342308	-0.8289613384191371	Big	Thumb
595	-0.5915864209530672	0.021532775382466313	Big	Thumb
596	-0.8615263888701313	-0.534688149191241	Big	Thumb
597	-1.1878449606430315	-1.0867661972594291	Big	Index
598	-1.1878449606430315	-1.0577865039845178	Big	Index
599	2.1986440038181394	-0.20431434367246612	Big	Thumb
600	0.8469783541911556	-0.2169974428709289	Big	Thumb
601	-0.4240374753493728	1.9734142133909662	Big	Thumb
602	1.2080873593305346	0.7821149729597816	Big	Index
603	-0.834243514586005	0.6297058712105528	Big	Thumb
604	-1.1780077305659988	-0.5774577819646726	Big	Thumb
605	-0.4694878276703579	-0.006884647141570823	Big	Index
606	-0.7032857180221972	-0.08301191705452249	Big	Thumb
607	-0.880420797329586	-0.6400892537401602	Big	Thumb
608	-0.0703230346304614	1.7839166104927648	Big	Thumb
609	0.16113346899785963	0.09041054381644943	Big	Thumb
610	1.1733637025193233	-1.1335277315081913	Big	Index
611	-0.2560935028755339	-0.5502126293621841	Big	Index
612	0.40944325267267906	-0.5502203422339703	Big	Index
613	-0.7833256681712183	-0.5086125357111724	Big	Other
614	-0.48036278651759545	-0.7477307840725531	Big	Other
615	0.095016439027854	-1.0396202405347967	Big	Index
616	2.3322606720466195	-0.40343029028466976	Big	Thumb
617	-0.33928559731906016	-0.7426101552163773	Big	Index
618	0.5354420334592856	-0.8503000366508383	Big	Thumb
619	0.3557095407293603	0.21235121265478502	Big	Thumb
620	-1.052750932651156	-0.8752454060199703	Big	Index
621	-1.1780077305659988	-0.3404288258909682	Big	Thumb
622	-1.1780077305659988	-0.9713758330362928	Big	Thumb
623	3.3241945819461853	0.9414422714288645	Big	Thumb
624	-0.03400550361618181	0.7490499495875607	Big	Thumb
625	-0.22856370547839558	0.24226475686392507	Big	Thumb
626	-0.13645346423855317	-0.7958442374640599	Big	Thumb
627	0.3796738730933507	-0.7142969484928681	Big	Thumb
628	0.3439134798187012	0.09376550876912228	Big	Index
629	-0.5645208220478554	-0.6005847641106873	Big	Thumb
630	-0.6554155562044613	0.44625140000912317	Big	Index
631	-0.6669068383146469	-0.6824208755897304	Big	Index
632	1.5554722448878266	1.7315736339826673	Big	Thumb
633	-0.6533149798596919	0.8373361189886981	Big	Thumb
634	-0.9093434260136262	-1.1820345543434116	Big	Index
635	0.823555011680456	-0.1883583798591185	Big	Index
636	1.0681141641564775	0.046681592309395316	Big	Other
637	-0.6865701542002324	0.02797492235101001	Big	Thumb
638	-0.5645208220478554	0.5679494735244578	Big	Thumb
639	-0.5915864209530672	-0.8741498841503252	Big	Thumb
640	-0.31112405548601324	2.2386576094962334	Big	Thumb
641	0.6798835850859208	0.6046557151577656	Big	Index
642	0.366510366583553	-0.4090118528931852	Big	Thumb
643	-1.1780077305659988	0.4012801566222711	Big	Thumb
644	-0.7248639913196431	0.0221248053880688	Big	Thumb
645	-1.0269598174838805	-0.6598404359974418	Big	Thumb
646	-0.10440564065924705	0.9234885745164101	Big	Thumb
647	2.324670902527457	-0.8577076863742608	Big	Thumb
648	-0.0703230346304614	0.2553306941438189	Big	Thumb
649	-0.41114909491831925	-0.24981960713968435	Big	Thumb
650	-0.18109150422401502	0.4426685347671104	Big	Thumb
651	3.0944903823282166	0.30390586623570126	Big	Thumb
652	-0.7248639913196431	2.4286790778276397	Big	Thumb
653	-0.31112405548601324	0.898264899460424	Big	Thumb
654	1.037361661305076	-0.15265863713500913	Big	Thumb
655	1.074980008220892	2.117586729752564	Big	Index
656	1.8086900970875561	-0.3104631667511273	Big	Other
657	-1.1780077305659988	-0.6564039061443543	Big	Thumb
658	-0.3331634709541482	-0.5804006895555331	Big	Thumb
659	-1.1780077305659988	1.9988021729160899	Big	Thumb
660	-1.0090388786436293	-0.5928575829604528	Big	Thumb
661	0.06813755236148084	-0.5720418292831324	Big	Thumb
662	0.3557095407293603	3.7945757260681328	Big	Thumb
663	-1.1536136346367576	-0.09947458355453456	Big	Other
664	-1.1780077305659988	0.994048979791446	Big	Thumb
665	0.10519787870778137	3.6481190136129644	Big	Index
666	-0.9328787669682236	0.7978336504678722	Big	Index
667	-1.1780077305659988	-0.28138570204046764	Big	Thumb
668	-0.7248639913196431	-0.7007676105277799	Big	Thumb
669	-0.9406467242940979	-0.529753024663797	Big	Thumb
670	0.16917635908533005	-0.6782996221588078	Big	Thumb
671	1.037361661305076	-0.816705425972879	Big	Thumb
672	0.4443566562424213	1.2111785031490474	Big	Index
673	1.0064095546189546	-0.6983258570064097	Big	Index
674	0.10519787870778137	-0.37996771284221237	Big	Index
675	-1.0314024031627667	-0.4171652269639766	Big	Thumb
676	-0.7635652789810459	-0.6043188087533965	Big	Index
677	2.4326749895392465	1.1341499708639906	Big	Index
678	0.4631366414803849	-0.04787681712024428	Big	Other
679	0.9009165490775126	-1.089127374862471	Big	Index
680	0.4562811650765965	-0.3146543613986031	Big	Thumb
681	-0.6131592542648929	1.947635007639478	Big	Index
682	2.1450463572406133	2.088138853405609	Big	Thumb
683	2.1450463572406133	-0.6558770653052205	Big	Thumb
684	-1.0118550261756687	-0.3451697325295988	Big	Thumb
685	0.1294233859480777	0.9479761421912632	Big	Thumb
686	0.2136034723129255	-0.8362422119496221	Big	Other
687	-1.1536136346367576	-0.6388868619491296	Big	Other
688	-1.1780077305659988	-0.1439780640652978	Big	Thumb
689	-0.7178925491773914	-0.10167905374408027	Big	Thumb
690	-0.9093434260136262	-0.6369075794041629	Big	Index
691	-0.7248639913196431	-0.8159924887721073	Big	Thumb
692	-0.27172025207328643	1.344369505081342	Big	Thumb
693	0.27556799031795465	-0.9012280165340628	Big	Other
694	-1.0292142639477928	-0.27561975056325627	Big	Thumb
695	-1.0314024031627667	0.07700518319086103	Big	Thumb
696	0.3960705215529222	0.5753886986592457	Big	Thumb
697	-0.8615263888701313	-0.5340309981266426	Big	Thumb
698	0.3173666089469767	0.24581485232109862	Big	Thumb
699	2.3405201271115903	0.7987778178310089	Big	Thumb
700	0.6224150144481074	-0.18626928885034108	Big	Index
701	-1.1780077305659988	-1.021252590231685	Big	Thumb
702	-1.1780077305659988	-0.10402483584905609	Big	Thumb
703	-0.08763060800445412	-0.31823803732270417	Big	Thumb
704	-0.6221387184270506	-0.9381011388752537	Big	Index
705	-0.7032857180221972	-0.5850578933976444	Big	Thumb
706	1.3142828352889604	-0.3607051847457672	Big	Thumb
707	-0.3355433139389706	0.9489853977212386	Big	Thumb
708	-0.6392813318275349	0.18355447348292248	Big	Index
709	-0.014938799833685144	0.37399899363400196	Big	Thumb
710	-0.24339876837038907	-0.5404344556796462	Big	Thumb
711	-1.1878449606430315	-1.15124264167801	Big	Index
712	-1.1780077305659988	1.4923612178598566	Big	Thumb
713	0.34271193673533185	-0.3062613854134329	Big	Thumb
714	1.4178322762305775	0.6536713328246303	Big	Index
715	-0.8712642763069275	-0.9783230924808122	Big	Thumb
716	-0.22789371847290957	-0.11600860571598133	Big	Other
717	-0.7426990651288176	-0.24797390842274122	Big	Index
718	0.09624609257788952	-0.7334100755092922	Big	Thumb
719	-0.4807121578730554	1.656374840410706	Big	Index
720	-0.18214497448128777	0.6907332486529238	Big	Index
721	0.48351931333730674	0.7973356862657744	Big	Thumb
722	-1.035591126802859	-0.8141608162735591	Big	Thumb
723	0.24615830706540587	-0.06927152364176695	Big	Thumb
724	1.2164065687748873	0.11775319480422443	Big	Index
725	-0.5123748206836521	0.1953576091897684	Big	Index
726	0.9009165490775126	0.661246725721807	Big	Index
727	1.9373554767527001	-0.6739971442515831	Big	Thumb
728	-0.13185997517320114	-0.49941135051710606	Big	Index
729	-0.8087794985874865	-0.14695986555954707	Big	Thumb
730	-0.40520445433190333	1.1957791064124283	Big	Thumb
731	0.5362121584913858	-0.6574399381508915	Big	Index
732	-0.29837576614660205	-0.7187601651786045	Big	Thumb
733	-1.1780077305659988	0.006516668634008949	Big	Thumb
734	1.238758878747901	0.13072155125098922	Big	Thumb
735	0.16113346899785963	-0.8231550556924682	Big	Thumb
736	0.1737430848129616	-0.9279581490277553	Big	Thumb
737	-0.7445658930260061	1.0664502851495237	Big	Thumb
738	-0.4227681651554056	-0.781523710477637	Big	Thumb
739	0.5354420334592856	0.04100989674933635	Big	Thumb
740	-0.7248639913196431	-0.5545273636933233	Big	Thumb
741	0.6224150144481074	0.34026899300636243	Big	Index
742	-1.0246360034364637	1.8646147324702913	Big	Thumb
743	0.12605340837473014	2.2508408120866696	Big	Index
744	-0.9135631462352832	0.5671016310831782	Big	Index
745	1.5721059972739557	-0.3411622999047761	Big	Thumb
746	-0.6221387184270506	0.8035932327810634	Big	Index
747	-0.22856370547839558	-0.7545448024610363	Big	Thumb
748	1.8292549978421997	-0.712120797976006	Big	Index
749	-0.7381917483563004	3.0472805438095834	Big	Thumb
750	-0.282714973097462	-0.2724230877425691	Big	Index
751	0.06813755236148084	0.11137191044800303	Big	Thumb
752	1.0584630376452426	-0.8477195403531528	Big	Index
753	-0.513396913004677	-1.063127430650333	Big	Thumb
754	-0.6978745989868634	-0.43358475964083726	Big	Other
755	0.5309915145916873	-1.0391460623726234	Big	Thumb
756	2.9263822554731926	4.042288152414469	Big	Index
757	-1.0394629954716268	0.09271144503141984	Big	Index
758	-0.8736058293928746	0.6326111769599639	Big	Thumb
759	0.3705999996739758	2.0784178612370066	Big	Thumb
760	-0.6241653825982306	-0.8184372788788861	Big	Thumb
761	0.8158247221179687	0.38753605338803904	Big	Thumb
762	-0.9443554900170963	0.6562007042699771	Big	Thumb
763	0.2705708517691623	2.1332133519004866	Big	Other
764	0.29890519734805077	0.30888456492557514	Big	Thumb
765	-0.8664714098341288	3.238326159189058	Big	Thumb
766	-0.5242921723089611	-0.7279532036180235	Big	Thumb
767	1.491300411545665	-0.2022288841175422	Big	Other
768	0.6734081183548278	-0.0780068782122718	Big	Thumb
769	-0.6631319243847306	1.5605798688070307	Big	Index
770	-0.6779125732934156	1.9283793106123988	Big	Index
771	-0.18109150422401502	0.7312883688381739	Big	Thumb
772	0.7515075462249373	-0.04285906045664484	Big	Thumb
773	-0.6978745989868634	-0.9700748861552931	Big	Other
774	0.24615830706540587	-1.0402162108572215	Big	Thumb
775	1.8127409484599522	0.043482269830015845	Big	Thumb
776	-0.29837576614660205	-0.9458531720294444	Big	Thumb
777	-1.0246360034364637	0.4382712100893867	Big	Thumb
778	-1.1780077305659988	0.07645449761781382	Big	Thumb
779	-0.85750554913005	1.3272163746309509	Big	Index
780	-0.8664714098341288	-0.4656308804352784	Big	Thumb
781	0.040863676542400695	-0.09143553150463327	Big	Other
782	-0.8400700267212592	1.5400435976134441	Big	Thumb
783	-1.0197670597180655	1.5188065513514248	Big	Thumb
784	-0.7032857180221972	-0.9602972995053246	Big	Thumb
785	0.7278615256760279	-0.5381327251316926	Big	Thumb
786	-1.0464184000890362	0.6771899056556365	Big	Index
787	-0.005165111340135766	0.8987796868310314	Big	Thumb
788	-0.33928559731906016	-0.5237151276480746	Big	Index
789	0.3542283514716418	0.6990746658087534	Big	Index
790	2.0677660296172036	-0.6508451655641116	Big	Thumb
791	3.407430360742167	-0.06601254098780855	Big	Index
792	-0.554935089102259	-0.8877823844937527	Big	Thumb
793	0.16309531927572818	-0.40154847655334386	Big	Index
794	-0.710703249468194	3.23874157917171	Big	Thumb
795	2.837349292200325	0.404750087296045	Big	Thumb
796	0.08791763621747167	0.4919296183262374	Big	Thumb
797	0.012340002379652677	-0.6033520094157565	Big	Thumb
798	0.07794971994358668	0.25266779101575276	Big	Thumb
799	-1.1780077305659988	0.6629609158413057	Big	Thumb
800	0.012340002379652677	-1.0336014028487235	Big	Thumb
801	2.3930354682709574	-0.14086338625327186	Big	Thumb
802	-0.2475525859801477	2.453775115515978	Big	Thumb
803	-1.0464184000890362	0.26142484694104806	Big	Index
804	-1.1878449606430315	1.4333529801791973	Big	Index
805	-0.5450450471742639	-0.5359102206468453	Big	Thumb
806	0.2880455434663294	-0.4924916390240991	Big	Thumb
807	-0.43356997102172395	-0.4948469409955057	Big	Index
808	-0.9257441168118108	-0.6075289815020707	Big	Other
809	-0.2852469308567601	0.3248848479276156	Big	Thumb
810	-0.7179807329125939	0.010306429108116634	Big	Other
811	0.08698600773100973	-0.6955259324145816	Big	Index
812	-1.1780077305659988	1.6101575014461336	Big	Thumb
813	0.7176918552423769	-0.8062858401544973	Big	Index
814	-0.3608632827447017	-0.9671563648305472	Big	Thumb
815	0.10374170330226529	-1.137650290149192	Big	Thumb
816	0.3067611171773806	0.6092970591928365	Big	Thumb
817	0.20466271250399792	-0.08647227411581027	Big	Index
818	0.16113346899785963	0.1277323502695725	Big	Thumb
819	-0.6877210618732205	-0.7012090353331453	Big	Thumb
820	0.1432285504533934	-0.05185140440309313	Big	Index
821	-0.6706278249027064	-0.42806347302667386	Big	Index
822	1.7540988174986587	-0.1392930378025041	Big	Thumb
823	-0.4904792986060102	-0.5659662463889364	Big	Thumb
824	-0.6554155562044613	-0.5765167030164261	Big	Index
825	-0.13185997517320114	-0.5953249696499119	Big	Index
826	-0.27172025207328643	0.41911710707591177	Big	Thumb
827	-0.12067233899116825	-0.35856297174974544	Big	Thumb
828	-0.6533149798596919	-0.6615889688475994	Big	Thumb
829	-0.799932108837788	-0.2644494156471418	Big	Index
830	-0.39916692873632403	2.952259418739521	Big	Thumb
831	2.4471421834048503	-0.6082386791231126	Big	Thumb
832	-0.02216283045935142	-0.07184187825261686	Big	Thumb
833	-0.7178925491773914	-0.9554231775538743	Big	Thumb
834	1.4804355396792905	-0.4716049190408225	Big	Thumb
835	0.22390571272741577	-0.6077707288371871	Big	Thumb
836	-0.4449810935498351	-0.1303121611455531	Big	Thumb
837	-1.1780077305659988	0.1657261171390062	Big	Thumb
838	-0.038674900460875426	-0.3774304996513445	Big	Thumb
839	-0.6042429959806851	0.33665518799074307	Big	Thumb
840	-0.31623830596952024	0.20475977712511123	Big	Index
841	-1.0566667015784563	-0.7164127430587482	Big	Index
842	-0.5450450471742639	-0.3518906251082461	Big	Thumb
843	2.1450463572406133	0.515423821904658	Big	Thumb
844	0.10833578729462502	0.36099897943958215	Big	Thumb
845	-0.22237297392775804	-0.650448945963803	Big	Index
846	-0.889046505539337	-0.019505358941959646	Big	Thumb
847	-1.1780077305659988	-0.42921994629125226	Big	Thumb
848	-0.18109150422401502	0.8148831236245241	Big	Thumb
849	-0.2350765527003273	0.5892454919517606	Big	Index
850	-0.9135631462352832	1.4020168392547847	Big	Index
851	-0.3430569722671671	-0.47123469127293444	Big	Index
852	-0.8759119044017613	-0.5841877333522512	Big	Thumb
853	-0.4459351347860083	0.38762943498725944	Big	Index
854	1.1676775078857273	-0.7016068470701273	Big	Thumb
855	0.2023378135998243	-0.0016256055303143855	Big	Thumb
856	0.8518845887554343	-0.7501544112708023	Big	Index
857	-0.5242921723089611	0.2331248317273137	Big	Thumb
858	-1.0246360034364637	-0.48693219137556515	Big	Thumb
859	-1.052750932651156	-1.004475093919829	Big	Index
860	-0.26959714719100486	-0.3847138654872261	Big	Index
861	1.074980008220892	-0.27502097619354526	Big	Index
862	0.7100082390492912	-0.6134232873621666	Big	Index
863	-1.1878449606430315	-0.3541534258439616	Big	Index
864	0.6734081183548278	1.3991427836151709	Big	Thumb
865	0.29890519734805077	-0.5505622379426072	Big	Thumb
866	-0.4556046679993442	-0.3414118318161869	Big	Thumb
867	0.3324714002551884	-0.32741445352200366	Big	Thumb
868	-0.222060664210672	-0.38140843588793943	Big	Thumb
869	1.7116045197006207	0.8615549219858747	Big	Thumb
870	-0.710703249468194	-0.3630417097871378	Big	Thumb
871	-0.5044156857403348	0.014557849058784983	Big	Thumb
872	-1.0246360034364637	-0.9801501280230555	Big	Thumb
873	0.8158247221179687	0.12697325493157696	Big	Thumb
874	-0.2918599738175698	-0.30631776339457956	Big	Thumb
875	-0.7248639913196431	-0.8541756437867839	Big	Thumb
876	0.5090812678588965	-0.7515854622776654	Big	Thumb
877	-0.3804747494924118	0.9130190204662767	Big	Thumb
878	0.4715600165238454	-0.7646074070284126	Big	Index
879	0.5812561982727958	-0.651402711129353	Big	Thumb
880	-0.554935089102259	-0.09375264780228677	Big	Thumb
881	-0.20878362162240377	-0.66871371448658	Big	Thumb
882	0.2691287270272029	-1.071671845333581	Big	Thumb
883	1.5554722448878266	-0.6568850483221628	Big	Thumb
884	-0.8282125634284608	-0.713026907344743	Big	Thumb
885	2.054411711161993	-1.1752670850835572	Big	Index
886	1.351481201943512	-0.5391684340796432	Big	Thumb
887	-0.7700926586989231	-0.63564826443331	Big	Index
888	-0.7276093737554543	0.03814988493867787	Big	Index
889	-0.45443950176939796	1.1668056893520302	Big	Thumb
890	-0.13185997517320114	-0.9026728724191172	Big	Index
891	-0.2132500921705307	-1.0396815347377393	Big	Thumb
892	-0.47595405004347513	-0.1252942705401547	Big	Thumb
893	-0.8958675453057513	-0.9916043844064218	Big	Index
894	-1.1780077305659988	2.7020001183822044	Big	Thumb
895	0.04896608647028808	-0.6228381172912233	Big	Thumb
896	-0.41114909491831925	0.14882578436398278	Big	Thumb
897	0.27204211604337025	-0.5984878818595402	Big	Index
898	-0.38920085398517673	-0.6780592451097981	Big	Index
899	-0.13841888812642966	-0.5512755580614985	Big	Index
900	-0.2132500921705307	-0.9518650766686276	Big	Thumb
901	-1.0360618992508728	-1.0819646902040356	Big	Other
902	2.103536812249948	-1.2498127873753815	Big	Index
903	-0.005165111340135766	0.4333879758145834	Big	Thumb
904	-0.7764222390314095	0.6574593954300486	Big	Index
905	-0.8107074658323782	0.5167784748054862	Big	Index
906	-0.18109150422401502	-0.8302711794964662	Big	Thumb
907	1.19407605921373	-0.21494485603656516	Big	Index
908	0.06813755236148084	-0.5236471740572612	Big	Thumb
909	-1.1780077305659988	-0.08146182662286619	Big	Thumb
910	-0.6453044035130313	-0.6555444990047689	Big	Thumb
911	0.30992693561606577	-0.6181943528649722	Big	Thumb
912	0.7208803196092076	-0.6159203505009029	Big	Thumb
913	-1.033527118052668	-0.8129130745887508	Big	Thumb
914	0.29285227551233695	3.7184465318649123	Big	Thumb
915	1.1585146749230255	0.5530355373561678	Big	Thumb
916	-1.0145788410017393	-0.49164185083447376	Big	Thumb
917	0.8447658669232951	2.0552267723237416	Big	Other
918	1.0070141353890338	0.14115653531095623	Big	Thumb
919	-0.005165111340135766	-0.9015614582240357	Big	Thumb
920	0.6507003265589063	0.0746480121268352	Big	Index
921	1.1225681763770399	0.22296549356986511	Big	Thumb
922	0.06744480310629831	-0.9138685987013696	Big	Index
923	-0.5563749790471788	-0.5684831285068153	Big	Other
924	-0.48248478195531264	-0.602532165547751	Big	Thumb
925	-0.811494412057917	-0.6244694138916866	Big	Thumb
926	2.3405201271115903	-0.9358314442733918	Big	Thumb
927	-0.4904792986060102	-0.5457740173942652	Big	Thumb
928	0.15308835423929323	-0.31608494040285917	Big	Index
929	1.429311630636112	0.1992336692134683	Big	Thumb
930	0.45978321271011646	-1.0455187836279698	Big	Thumb
931	1.1524457855581183	-0.5433753028805018	Big	Thumb
932	0.3557095407293603	-0.9653106718814864	Big	Thumb
933	3.0711433981047507	-0.11728363759472445	Big	Thumb
934	-0.2852469308567601	-0.8569038544897019	Big	Thumb
935	-0.5828338640931731	0.45350491889139066	Big	Thumb
936	-0.4130377017056791	1.3210819156599332	Big	Other
937	0.48351931333730674	-0.07661428628498389	Big	Thumb
938	-0.5242921723089611	-1.0385171896902525	Big	Thumb
939	-0.554935089102259	-0.22293377151052743	Big	Thumb
940	-0.16798018594379896	-0.9534529196182046	Big	Index
941	0.2763359015630362	-1.0620274227002737	Big	Index
942	0.48351931333730674	-0.6432637618521729	Big	Thumb
943	2.56042811821644	0.6754184250828198	Big	Thumb
944	1.1282910020162018	-0.9709078444794802	Big	Thumb
945	1.8803922852741528	-0.6733520373875781	Big	Index
946	-0.5738160782375239	-0.8973074471046811	Big	Thumb
947	0.5354420334592856	-0.6832818752881987	Big	Thumb
948	-1.0269598174838805	0.5075273017883609	Big	Thumb
949	0.5226369055848161	0.05269295942378215	Big	Index
950	0.6496720177276376	-0.4772411511004375	Big	Thumb
951	-1.0507040534391578	-0.6474413112321988	Big	Index
952	0.0996687134004519	-1.1409215204125536	Big	Other
953	-0.6554155562044613	-0.09161594107792097	Big	Index
954	-1.0485941933283291	-0.9008654566354417	Big	Index
955	-0.5325224041575203	-0.731264105533574	Big	Thumb
956	-0.6317522640772406	-0.8464778615796607	Big	Thumb
957	-0.513396913004677	-1.0399251075947609	Big	Thumb
958	0.06813755236148084	-0.6624625866461863	Big	Thumb
959	-0.6877210618732205	-0.16459590998372414	Big	Thumb
960	-0.41201925703254355	0.4309966057772906	Big	Index
961	0.06813755236148084	-0.2724380230272726	Big	Thumb
962	-0.13645346423855317	0.46905981943736497	Big	Thumb
963	1.5408547049121384	-0.6967878602898535	Big	Thumb
964	-0.41114909491831925	3.5324069060920062	Big	Thumb
965	-0.18214497448128777	0.11438969150229904	Big	Index
966	2.5492660300186345	1.5858002900219772	Big	Other
967	-0.4694878276703579	0.343120590565759	Big	Index
968	-0.605038869502626	1.7776836752948113	Big	Other
969	-0.8861349647945087	1.3463487898518611	Big	Index
970	-1.1878449606430315	0.07825269480678407	Big	Index
971	-1.1780077305659988	0.33765938489138936	Big	Thumb
972	0.6345672264194259	-0.05728349888092526	Big	Thumb
973	-0.6795496173950069	1.4514345042606747	Big	Thumb
974	1.9942526518218608	-0.4728884742635966	Big	Index
975	-0.8538073317555979	1.4594817672194478	Big	Thumb
976	2.4326749895392465	2.1665233345050092	Big	Index
977	-0.7498788376371112	-0.47716066204499386	Big	Index
978	2.4593893114925898	0.5104572012834606	Big	Thumb
979	-1.1780077305659988	0.06536135739829166	Big	Thumb
980	1.0538942687070982	0.41137052527623713	Big	Thumb
981	-0.3307514869355594	-0.5881660792685017	Big	Other
982	0.2691287270272029	-0.9069436800358377	Big	Thumb
983	-0.41114909491831925	1.0063965308132552	Big	Thumb
