uid	error_rate	avg_char_duration	screen_size	swipe_finger
003t6nt1ppo92gsagrn9op9mjg	2.875	566.5180555555555	273600	Thumb
0069j4rbe1si9pjqgfhks8sprm	0.07407407407407407	451270.32952728344	339076	Thumb
00h10g2j0m7vujuscdvispdkub	0.17037037037037037	506.16980866869756	280800	Index
01rg5cvptn05eag69m0gckjer9	0.2	300.0448232323232	370944	Thumb
038qovd34aj82cqc9ip8fqu6sc	0.10144927536231885	346.9027832674572	230400	Thumb
03ft0n5ol992m393fb9lpc0uqt	0.3582089552238806	116.75444207533761	370944	Index
03rfss9shetb8h3n7aq70j1sjj	0.08823529411764706	188.82988180120532	370944	Index
06c848png23tueouglo78fhhbb	0.015384615384615385	120.78713064713065	370944	Thumb
06moimg3q3vik8l6a3iqhsei4j	0.05217391304347826	200.90824769433468	230400	Thumb
091v425ipps7umcs8638i8clr1	0.463768115942029	223.8301906225819	250125	Index
098t7d8nvvtoc0eefgrverbr3n	0.5522388059701493	389.97667887667893	280800	Thumb
0bocrprri5cb6ajrumc4s3r0j3	0.0	291.86517857142854	358028	Thumb
0cgivjmfvr7jnqqpcdo5jggqrp	0.08641975308641975	251.8176424963925	230400	Thumb
0d9jm31uflsgr9e7o9uss8b1gv	0.03125	4045.0621336996337	273600	Thumb
0dvm82ctd55l4pqkr26gj8ef13	0.38461538461538464	286.5557624193988	182080	Thumb
0ekfmgdjqdm8g87sahosujftp8	0.18181818181818182	270.2112554112554	389232	Thumb
0f29l241oicoro0crftndffftu	0.0	2756.834613375131	230400	Index
0fbj5a2f6qa15fg3ct88vsv5fs	0.0	319.18265306122447	230400	Thumb
0i2sopphm63aj2knmt0mmgt0eg	0.06060606060606061	208.00545935545938	230400	Thumb
0ihu4fa7ilvhrge9bb8vdis0d4	0.11940298507462686	120.18893034825871	304500	Thumb
0iisdf0upld8reka2p0jve6ds0	0.0	373.8333333333333	301584	Thumb
0j6q09do0nng7a3hnle567fdol	0.171875	332.9039310515873	250125	Thumb
0jqd4um0gif3nk92trgu23qs48	0.078125	1740.2327017600455	273600	Thumb
0kn0q7nuaf1kmc4udc7ems56dh	0.10218978102189781	162.80875801003538	259200	Thumb
0kvs7d6qn3qesp7sjkgjsd4gtv	0.015384615384615385	156.5318076795	370944	Index
0l2qio2mtgtv7nhkllcqj8jgbe	0.2033898305084746	134.50779526499866	280800	Index
0l6u4kv1aag7b0ok7qaq241sqn	0.2608695652173913	317.1802334943639	259200	Thumb
0leq9i4m5bff1e8tu92o2qr4u0	0.2553191489361702	400.41904761904755	250125	Thumb
0lo6rutaudst3p9lh235a36dfb	13.5	833.25	230400	Thumb
0lr93uckpa3086de6homa94vn0	0.7796610169491526	203.69007141634262	370944	Other
0m8oha2uup5dptbanhrnia667t	0.4074074074074074	172.15438268995962	230400	Thumb
0msee0md66vcodqrp9spoedc9r	0.23076923076923078	315.58721667221664	370944	Thumb
0nr1ib5m909k65fffkonftokvv	0.017241379310344827	2816.9699072000794	273600	Thumb
0o3v5glg1ir4lqr5vfpv94smmp	0.06557377049180328	161.62109679937547	358028	Thumb
0p3e8p7qdeti2ci3ppbc8kdd8c	0.4225352112676056	276.164475743349	250125	Thumb
0q1sat7ola2osk0ohdtciaboba	0.078125	473.82791024080086	230400	Thumb
0r0a1d8rhhlj2mjgb40e1e7eb2	1.375	361.2552645502646	376980	Thumb
0r6psesa9jtukcnhiuqrdibpk7	0.14516129032258066	132.6402078656111	439850	Thumb
0rq59tf6ujjc82rqe4rrk330hi	2.3333333333333335	73.8	301584	Thumb
0sbfto68uvc9br1ul4b9a0ebqg	0.0	185.98826530612246	304704	Thumb
0spilprrjphc0l81t2a52uao2u	0.3157894736842105	418.94177109440267	273600	Thumb
0ufegpai6ov6o50mec2hlnh3nt	0.03759398496240601	3032.8438691425536	304500	Thumb
0una7ed4ohd4oklbfmijr92uq0	0.09375	132.41615762709515	304500	Thumb
0utue8rico7grfpgd0odffj6il	0.09375	191.98282394688647	348552	Thumb
0v1dljhskkp96ljbongsf95mm2	0.6338028169014085	253.92748663699368	927408	Thumb
11m198onvadaf6pb2ji9kp4kr9	0.06666666666666667	284.3725456535802	250125	Index
1223tr5f9fe26quv25gtncmv8s	0.05343511450381679	173.34500897745176	370944	Thumb
124p7a10vadpv7d0rk37oiv3g5	0.14925373134328357	228.91298916672048	358028	Index
137ra6h957ea5vojahrvhf12ke	0.2857142857142857	131.5595238095238	280800	Thumb
15418ieqgmgvfcdb16dq3qorce	0.03125	377.69346664620105	273600	Thumb
15mihbgtgpvs2u7o3doi15bir9	0.0	162.26439350579977	280800	Thumb
171vhums1pnk8slbi31m2u7fcr	0.7	387.1096225412015	269280	Other
17kgfne9gsi7dd4uo5rkn5v5h6	0.14285714285714285	2204.292102562341	259200	Thumb
17st0afor2vhnaa27ig1qlm8gc	0.04918032786885246	251.17521763300454	348552	Index
185dt72aiqbvp1ifefepqmb3ih	0.1232876712328767	469.4539688089688	230400	Thumb
187ek49l68dkqc5ml3rbo6rejm	0.09375	214.12412179834052	304500	Thumb
18fejrhkopnq6mqqvi6pi8c2er	0.045454545454545456	382.4271776203595	370944	Index
19hubm5jt63707ejbcnkimlr08	0.8533333333333334	302.04858201058204	230400	Index
19qrnicvir9817joijlmg52afq	0.68	423.26727130396483	266400	Index
1al76494lgiqcqv48i7r2abrsd	0.0625	4967.244612570588	334443	Thumb
1ar6uaqp7nfphssn5n9ebrte2v	0.06451612903225806	2882.938344854071	230400	Thumb
1b5nob75bo90tbskp56kp33gq8	0.13846153846153847	279.2229931179931	370944	Thumb
1bghv3mbruun75m1mhl053et4t	0.09016393442622951	1366.2971118362511	348552	Thumb
1bohqoqf11runeteiig4ik70j7	0.09523809523809523	157.31557067271353	348552	Thumb
1cumjqli3h1faikj78mp8fcaig	0.3333333333333333	704.3449815616482	301584	Index
1d2b9ttq9k75ruuhljaq8t09bt	0.25	287.36174126993456	280800	Thumb
1da628okrg8ope1ia04aqfsvu7	0.125	186.86517857142857	334443	Thumb
1duum6mrmtm6vbrina22oiuf59	0.35294117647058826	249.58794642857146	280800	Thumb
1e9jiev6cofgu3nisolldhr8t4	0.16666666666666666	300.44	259200	Thumb
1eq3lrfih285jt26l5u9oulbu3	0.2698412698412698	510.3763671513671	304500	Other
1evbgh3q4m9rr0i7dn1mfc2ser	0.0962962962962963	316.8036668270002	367504	Index
1f7khirs00bdo9nmpqjndh7p6j	0.0	603.1182998819363	334443	Thumb
1g4ptn18hj9i3k7vqa8bkivkmj	0.0	294.6944444444444	277920	Thumb
1grug5pdvi8jgut74ogaej9k9u	0.045454545454545456	283.06849392190304	319272	Thumb
1hfgbj8ri6ms1ojpkfudk893sc	0.23333333333333334	332.33541486291483	280800	Thumb
1ib8tc83fkt64o7em0i10u8ms0	0.11666666666666667	1964.7938840788843	204800	Index
1j4jpoa46ajqm39ac14hhvt2hl	0.14516129032258066	190.75485764235762	301584	Thumb
1j5iitf3if64n9v7dcl1lje3l1	9.970149253731343	241.60911796536797	367504	Thumb
1jis48734j5ssblrsfj5243pb6	0.038461538461538464	234.8903484015984	301584	Thumb
1jisq6jaciv834asgohpl5qsfk	0.08108108108108109	537.879989079989	230400	Index
1jo1b9tddfuucc7k4i4mdeefvm	0.046153846153846156	408.56186147186145	302400	Thumb
1kf79g0l0ub6li7fisvf2rench	0.09090909090909091	533.4718301479666	230400	Index
1o30beptlv2cu7svn3ileenopn	0.07692307692307693	303.58303230957074	370944	Thumb
1o37q2sln5sofhep2fjqg8bi39	0.13114754098360656	159.01261384335157	230400	Thumb
1oq7j88lfma27kckoiibr32fqn	0.0	467.2174443203855	301584	Thumb
1p98mlj50tua8uah6buchskssj	0.05263157894736842	172.36633059922534	367504	Thumb
1qu6jf8p9gd8rssc5dibo272hp	0.26666666666666666	492.2226620909955	230400	Thumb
1r9895hro6j0m9hb0ak0861r87	0.10096153846153846	4800.811669420324	280800	Thumb
1tcud5vifnvp1cliu6othgooba	0.4098360655737705	299.4325662952713	273600	Thumb
1tlqh7i2v8tei6n937vmub5t4e	0.375	388.8452380952381	370944	Thumb
1trqchkvequslh5bbrqn10pnss	0.2777777777777778	300.3022486772486	280800	Thumb
1tv36l1viejgc96p35ifkeoaes	0.171875	168.85396656295094	370944	Thumb
1u29tun8td5sv4spmk2aigelsi	0.22794117647058823	180.33048685383244	259200	Thumb
203mnugq4s0rf2a6k5rrar28r2	0.19117647058823528	288.64742275698154	301584	Thumb
20b1fhsjk4p6qq0jgvbamk1cko	0.09523809523809523	215.65776701252892	304500	Thumb
20sa5uaiit0t55or9miatm70tv	0.06349206349206349	222.51052532123964	367504	Thumb
21dadeslkumk72cll4tqlce9t0	0.08955223880597014	140.74230723671025	370944	Thumb
23rolors236ui8alq20krmtm37	0.22388059701492538	346.09244470289246	428275	Thumb
24unskk8k5e3thf2j13bak34v3	0.0967741935483871	313.00609318996413	181760	Thumb
25q4p5jk4ami3jo5la8spruev1	0.06451612903225806	288.7570893264442	273600	Index
269h4cdlq17gdnnjqdvrfrt8tr	0.04838709677419355	170.67647849462364	250125	Thumb
26o1ai11hohenb1of3cl7nkre9	0.18181818181818182	184.15144628099173	272160	Thumb
27dqv64ncdpca90ch5d14uv8ru	0.11267605633802817	148.908708818568	370944	Index
27mmuj0o8b20pieicbck0qvo2i	0.45454545454545453	1802.9013852813853	266400	Index
28svc97qtcc45kk93bv0o1q9bo	0.11666666666666667	177.41900553150552	250125	Index
29pqajt4go7tc60ibq0dmq8em9	0.014925373134328358	109.01832504145938	280800	Thumb
29t3e5kufd5r7fqqh0bgph6r1g	0.3333333333333333	237.05023148148155	266400	Thumb
29u2n5o49vspqlcu4vojttk2s7	0.08888888888888889	229.88936507936506	370944	Thumb
2al2rdn3ldmne3hi1l3fjqd2v6	0.1	145.0544841269841	370944	Thumb
2c30a5a6amjsgs1ganoo6kg2lb	0.2537313432835821	192.18780932997348	370944	Thumb
2chg3chjs300cu7oenvbo9votb	0.23809523809523808	149.25840262030735	304500	Index
2d3l6hi6hgc5d7tmirb5t5vbqs	0.045454545454545456	189.70099862258954	348552	Thumb
2e9d94k0l5je3uibe6shktcuoq	0.0625	151.13410885989012	348552	Index
2eu6hf02h118abbmh0nkpnkdit	0.2426470588235294	242.94525056234616	250125	Index
2f7p9ceo2b9gi78euj4tmcko5j	0.19753086419753085	121.73168635205671	250125	Thumb
2fv391b0tscbnhibfopoc7d8tp	0.08823529411764706	389.47035852219676	204800	Thumb
2irfea8ptu6lc8rg14b4dj33k9	0.028169014084507043	402.77588362341885	334443	Index
2lokeu7ioi4couihl1bscn04jo	0.125	172.224880501443	373248	Thumb
2lrsj8pmvu6b55pb5h0h6odipc	0.05	306.6085028860029	277560	Thumb
2lssnjt9tnkadurns46bvtf268	0.55	242.73159095534092	266400	Index
2m645k1klclo1frrbche51p7kf	0.21311475409836064	136.76785714285714	210560	Thumb
2mk4qs7t4i4dj3h3kqdq2tior6	0.16176470588235295	133.16970709029533	370944	Index
2mlh9rsmu30ihssgmo4rhakufi	0.20967741935483872	198.199535097519	370944	Index
2opllmodi2j232u004m2jstmj3	0.1935483870967742	185.75429932970258	304500	Thumb
2purrlkinqmagfji6v38a752vn	0.03333333333333333	276.65069999445	280800	Thumb
2qe84rjbo078q08m93d6bjtggt	0.007462686567164179	134.3773300704271	280800	Thumb
2r7mdfhcjesci8trr5afg2akq5	0.171875	286.12623613365804	348552	Thumb
2rla6t2fnvr5el1fru60q6vf9n	0.06818181818181818	8742.82619238926	280800	Index
2rt41rk7sgbfo0ae5bg71qi5hc	0.2413793103448276	196.36845051500222	182080	Index
2sd22gsn7kdnhs3mrmh93j7hvk	0.057971014492753624	243.58756637887072	250125	Thumb
2sf2irij5ke1ll44qecbn4cuje	0.029850746268656716	325.3475124378109	280800	Index
2tcf5e14srj11omnnog5qiateb	0.21212121212121213	141.72557282784555	280800	Index
2u644p4gdklc7l7jc87rmcdp4d	0.6	146.3025740925741	304500	Thumb
2ujnsj85dffqlv2833k956rq6j	0.12878787878787878	4005.7422695570426	230400	Thumb
2vsvol3psv9s1rjdqfclgnruq1	0.08661417322834646	4443.16706229029	230400	Thumb
30d4oglupihbin5060r8tstjkc	0.6388888888888888	196.02533068783072	370944	Thumb
30s2vhpsjqdhnlitj4clguvgq7	0.2	342.23333333333335	358028	Thumb
33akurlq7s95nrrvj94fdt7c0t	0.36363636363636365	181.00443722943723	367504	Thumb
33dmqpu8svg7cl9f3jvi5pjljr	0.0	248.01869352869355	250125	Thumb
33ksqn9bnmou1snv2jol8mclng	5.25	750.3333333333334	326190	Other
36hjeo6hd54lqpdsquvbm227ga	0.047619047619047616	184.75770829699402	348552	Thumb
36iqsvhqv4b1culjljnm5oh7dr	0.16666666666666666	175.33342024137482	370944	Thumb
37c181tvfip9ottvdncvjib6ob	0.4166666666666667	1019.0780303030303	250125	Thumb
38dq12s964h9aucmbkcee5ltms	0.05533596837944664	3646.769825371159	348552	Thumb
399hkt4mv9ocorj75g765l73q7	0.8571428571428571	405.821768707483	273600	Thumb
3a064eetjpjpr55674f3qc5t55	0.1	562.4930928330928	370944	Other
3abuafe0ogm3aa4c86vi04p1qs	0.40476190476190477	2741.6993735541355	230400	Index
3bm6l73pipli7j7nvg1j3o3fa1	0.125	194.70090344438168	370944	Thumb
3bqri21snji50s05s1nf6ekft0	0.2727272727272727	159.9312169312169	230400	Thumb
3d3ajdrmgdma7aq1s8jgijolf0	0.0	233.92619047619047	334443	Thumb
3dgau6gq8c2hqefrljn9lbh1db	0.20967741935483872	4774.621315109622	348552	Thumb
3dvaivrpc48qcfk8d3ubrqcd8u	0.18461538461538463	3295.087410324718	376980	Index
3ef67b8t0k3t23fdk6c0bkdk74	0.06153846153846154	206.76289334597027	304500	Index
3f4d5nd3i6i46j67v1h6m87sab	0.14705882352941177	199.74539027149322	367504	Thumb
3fh7v9kqvsh8efa8lvsn1a7cqj	0.07936507936507936	286.12360967956204	304704	Index
3fht625j7qu83fcjeqnb6b75f9	0.017241379310344827	330.398803973804	181760	Index
3fjf9lm7btd87p6vfukhpgv0ev	0.06060606060606061	104.51902958152958	304500	Thumb
3fmgdlooume5t7fu6dula4rn8m	0.11764705882352941	425.01033496732026	358028	Thumb
3g9n95q9e72o77tsabcl0g24kj	0.0	120.23703463203464	348552	Index
3irdjhpqq8fch9lb97lbevr4l7	0.18333333333333332	8092.92697210197	304500	Thumb
3issbv9n1qubj3eode7p1sqtoe	0.3389830508474576	189.51224044317266	370944	Index
3jcbv3go9i5s7o0c8v99se4goa	0.08695652173913043	424.92698418849307	334443	Thumb
3m94gkcdq45h607h4if58l6vhc	0.10236220472440945	188962.0980241106	367504	Thumb
3md3asprf6ss61m3is4ppbr1eh	0.4492753623188406	2771.6633709356333	230400	Thumb
3rs48o8srup53k44nltr8ufrda	0.2535211267605634	132366.67607107293	266400	Thumb
3sbk4t9s655rfm0nfiht0rlln0	0.16666666666666666	183.76512345679012	272520	Index
3skbfobe25jrha6aj7eha1ud5m	0.14705882352941177	279.60521125116713	367504	Index
3t65lkgnrtv209kmehdm6pdtnv	0.04838709677419355	1567.2204877112138	273600	Thumb
3um5c2jq8jsq8k0fcfjb5n4dlh	0.38095238095238093	7571.470483176436	259200	Thumb
3usio5uf3c32l9mu3b4ek0vqqf	0.031746031746031744	192.91322579536865	304704	Thumb
3vv0g93qd3brj9ijkv79ncn0ff	0.14285714285714285	111.06164965986395	358028	Thumb
40ccrn77i22dgg7q3bkd9kf3ri	0.0967741935483871	111.1482206861239	370944	Thumb
40e8ac5f8a9rb5nmeut9ng9hpi	0.3333333333333333	173.29116216275307	339076	Thumb
41lapgbg66qj1vvosspl0kbc9p	0.3125	397.12993963501776	214720	Thumb
421ckfklanp64cm4mqn31fh3r2	0.1694915254237288	3633.3071584488957	230400	Thumb
42q3qldluslc37vad5i8oa27uo	0.02857142857142857	185.85019583591009	273600	Index
43m3l46ggfd1jemqa77h7ko6a3	0.21739130434782608	338.52764837819177	301584	Thumb
43svd2q7si3notigg5k8uhgool	10.333333333333334	26.75	339076	Thumb
44m9ql4gc1th136oge3n6r3k33	0.0	386.8282051282051	367504	Thumb
455jd8n85odfdniin96gvppjk6	0.11428571428571428	218.37528705421562	367504	Thumb
46efk4losmmn3bkkhtqodn7771	0.0	984.7291666666667	288000	Thumb
4bb63s00d7ms93lcps3bunoouv	0.37037037037037035	301.06857730746617	301584	Thumb
4bmh9ise7qmk3sgdvk597ia17r	0.28846153846153844	3653.017822455322	259200	Thumb
4ceb6u1ocdieiqnbrrcti43qle	0.13559322033898305	129.23769168684424	348552	Thumb
4d00p98it7ojlagqt09mpq469i	2.843137254901961	980.8251700680272	230400	Index
4e0arblm8f7g6tpqm50n2dgcrt	0.24615384615384617	225.10687368187365	230400	Thumb
4flhv8tu4uohtr7q1ie3hllfs4	0.04918032786885246	165.95132590542428	367504	Thumb
4g2ak3r56i91vbfl30feoc6jev	0.029850746268656716	221.69808748465465	181760	Thumb
4gjigg7buujmu0se9oqt716323	0.12598425196850394	2360.8260152140074	230400	Thumb
4hukfv1tpitp17sgc0dthonf98	0.16666666666666666	151.64012345679012	259200	Thumb
4ikrjsdgdlgfhvsbekfpo8605g	0.11764705882352941	349.6573566547831	370944	Thumb
4ipq97o33cnu9psbfjb4is5ifv	0.08333333333333333	424.27638888888896	259200	Thumb
4j0p1onkc18it1j59rgiismjkd	0.3225806451612903	536.8518433179723	230400	Thumb
4j6nf7qe9edrluklngf84jk3eb	0.21465968586387435	4311.09143812848	348552	Thumb
4jj5eu3vjm5g2mska13b1lfhs4	0.14285714285714285	654.1284580498866	230400	Index
4k15hu68ei8ej4g4idvuksqnqf	0.0	742.2448418710919	266400	Index
4lse3eua8chs36li81jb7c4adb	0.0847457627118644	405.05447880744487	230400	Index
4ml89n63etnce2je1r73m5t6hc	0.0	716.975204248366	370944	Thumb
4ohof4dq0luk27t0vrkcb0qbr1	0.14666666666666667	253.4329218829219	230400	Thumb
4pq9gag0po5khmfr601iprftdt	0.12307692307692308	178.64059807713656	370944	Thumb
4uoa54rnaaqfoq6hal5bhp9e9s	0.2898550724637681	280.7446995838301	301584	Thumb
501mld13mmovv064tf71qb91v7	0.11764705882352941	322.91506185807657	259200	Index
506e0ejhrtlp75nqv6auoodjiq	0.75	1175.2142857142856	266400	Other
506jd4dnu763v27pc407pp23sb	0.6756756756756757	347.8374007936508	230400	Thumb
51gf4j0udulokd47br5egeo5v9	0.2222222222222222	254.7687785594036	334443	Thumb
52liqmpj0sgl34ffnr951ng67j	0.265625	304.1911591880342	348552	Index
52mur2fqbl0hfqopfb6nq3meif	1.263157894736842	937.3020752639171	230400	Thumb
54mhgeh2eq2q5iv6rd732esp8o	0.4027777777777778	345.0205095830096	359552	Thumb
54onsngp4anr4f0jjemaebvtd6	0.08955223880597014	4616.770386620014	348552	Index
55fqiqk6a94c76d4qe93263419	0.0625	135.74267113095237	358028	Thumb
56qvbr1ioduvgacku6ukagph7a	0.06716417910447761	1705.5532367922294	259200	Thumb
570hic7q4c8chveu8fdhradfh2	0.08333333333333333	215.38840787537973	367504	Index
57rbd898rj95nuvnrl0270dabi	0.0	256.1742763772176	339076	Thumb
589260ue83t2p5s9l94l2m1n57	0.08196721311475409	343.31252276867025	370944	Index
58d1kfdqs4j26d3amqo4k40e35	1.0	134.92965367965368	370944	Thumb
59ml7c5h48lm07c2plql2teopj	0.14285714285714285	417.8286239013512	259200	Index
5a1v8qic97tci8gntht0ioastl	0.23529411764705882	165.8869150049297	370944	Thumb
5b7tsgp6d6sl19skhcr20em6fo	0.25396825396825395	176.772159234064	266400	Thumb
5c8590f6dmgvk8rj9612npajsq	7.9411764705882355	37.81111111111111	370944	Index
5d7p99g83mp9uuokn00opv8frt	0.14084507042253522	186.29790409121395	367504	Index
5eg1k5sf7qihhvq1iih50gub87	0.02702702702702703	297.9577649077649	304500	Thumb
5ft8lra7ejosoq071dk76oj37h	0.16129032258064516	183.31008239072756	259200	Index
5gkdg03nkveprjd75p40kq5p3c	0.11764705882352941	402.9924958619812	182400	Thumb
5h5ut2j7m82h5b7l10pboc7bum	0.031746031746031744	120.64230628278246	304500	Thumb
5hviqn9hjmbtu68qmg32rl6rpa	0.06153846153846154	245.97012265512268	358028	Other
5ig1q8e67r9chvvpm38pdt5qa6	0.7941176470588235	392.4763883583736	266400	Thumb
5ioulvivt9pekt7hirpaubc47c	0.08661417322834646	13791.34763539173	230400	Thumb
5j0oi6uu3oc682l9g7an8f5fs2	0.0	440.4356740878169	334443	Thumb
5l00mgfv8vqnfrdkmk0re0ggro	0.04411764705882353	772.8806013431015	348552	Thumb
5le3tqquf06c0cm9qiqmv74sfp	0.22727272727272727	277.55746097337004	259200	Thumb
5m2nru074arvgl515ga8mu05rl	0.16923076923076924	127.02373626373625	301584	Index
5m34jt2mbhs7iltbtin3b567t0	0.1694915254237288	370.2941014258811	250125	Thumb
5ntts98efhvcblr0l8mh3g9grk	0.029850746268656716	195.50814682829605	301584	Thumb
5ojskb12pe9adcf7nu5r4ucb1o	0.27941176470588236	173.1381180502504	273600	Thumb
5p36qvohrubi0glbfa2sps6kev	0.5384615384615384	859.4830391830392	230400	Thumb
5pe9n5rh9ile065li50nv0e9je	0.23880597014925373	9986.316074472792	259200	Thumb
5pjbvmunmnb5uarv193efd3u30	2.3333333333333335	123.68333333333332	273600	Thumb
5qd9gt6hb43n686m2n612jppok	0.09090909090909091	497.15712898212894	347270	Thumb
5ql4jqbidlnja06vlkt77u1nva	0.18571428571428572	506.02563603063606	370944	Thumb
5r33pinp5a5cmro00r4m82e4po	0.047619047619047616	372.15408339455956	259200	Thumb
5r90gq2rjqethkattqct8msm6a	0.38571428571428573	418.93426942105515	277560	Thumb
5rajg5e2ntdvbgrhkpeo7jqfa0	0.2222222222222222	94.83175290318148	273600	Thumb
5rm8281ggjk7asm9aelvf8qq4r	0.0	776.4183673469388	280800	Thumb
5s52j3st2s396soetbh4crljl9	0.06666666666666667	323.8319336219336	280800	Thumb
5sbp1u9ntcthiflupbtt3t8mia	0.07462686567164178	396.7735553832569	250125	Thumb
5t3m5gcvil4g1u0h4mjfetncab	0.15950920245398773	14051.073077178446	230400	Index
5u30d3d3fjg09nv38i7a4majnq	6.0	10.375	277920	Thumb
5u3pei3v843dlouq7g8gncp789	0.03125	240.46064751221002	181760	Index
5v3sacgcfl6empp83sgcecfhah	0.24045801526717558	5977.578061393735	266400	Thumb
5v92ebr64nahqa93mh9t65ofda	0.1232876712328767	391.17607582676084	273600	Thumb
5vf3r7jnfigcmnddm93rjamghm	0.1	247.63105519480524	348552	Index
5vlc6enth5ad3eird1mgrsie34	0.125	263.61349530779677	216320	Thumb
61dv5bi8aka2t6f3ahcpmadqpu	0.25806451612903225	131.02850936100936	250125	Thumb
643cb7cc0pof3n5d3d7lbrnbm5	0.171875	632.5821242559523	280800	Thumb
64apejbiplg7eggt49eir2ba62	0.14814814814814814	184.7267919323475	266400	Thumb
64umra5pcbc8n78g2c0ev5c9pg	0.6923076923076923	349.2963675213675	273600	Thumb
6595k2meaov04vurnkdiu41o2p	0.0625	403.61079489087297	348552	Index
65n13559ujnngi9isd60jge573	0.14634146341463414	1741.2311489098076	250125	Thumb
66tg4u99e48qvc4snu5265rqnv	0.014925373134328358	160.2457000710732	304704	Index
6amoisksbj30n4sr89pcp7oq16	0.08571428571428572	349.5990445269017	373248	Index
6bfal4rai6akka6pthskjgraeb	0.030303030303030304	204.57708633958634	273600	Thumb
6bhtgrt1pmbd88qnaul53k67d6	0.1171875	1876.4494999141484	304500	Index
6dqftqc820fjpre18sptm5hd8s	0.11510791366906475	314.0946314077609	268920	Thumb
6e6sg1k17tie0fr8coi1kqaj2b	0.3333333333333333	283.6550505050505	304500	Index
6f6t6thq8d9kd1anjuj89q6aaa	0.09230769230769231	138.37153013653014	304500	Thumb
6fcskrnk2ggr1h4sbg127g9smn	0.07692307692307693	851.4288766788767	376980	Thumb
6gonibf22c0394rqtd5j0koqbm	0.041666666666666664	480.4676368384701	230400	Thumb
6h2mml9l5uj0q573fgmripp84h	0.23134328358208955	122.28357670521851	370944	Thumb
6jfstctlbeba7felvi99mbjg98	0.5	634.815873015873	786432	Index
6kk47fbfu8u6bfe4r5usuf55u6	0.5076923076923077	353.5158373250681	250125	Other
6lm9gp1fau1eduo48a13ebtn16	1.2608695652173914	545.0761691591238	273600	Thumb
6npuivvdb91qnp47hiah754dm5	0.3076923076923077	297.16422466422466	230400	Index
6p33oiq8ak146n9fdvijgfaem8	0.16923076923076924	118.37418914418913	370944	Other
6punk2hh38ekve28pmf6kjlbd8	0.015151515151515152	193.2682692728147	370944	Index
6sb7htkpjvrlsumorq05erf1n0	0.13513513513513514	169.66065822315824	339076	Thumb
6sqv5o5vquaukjq3p7ol6f14rg	0.25	310.3095238095238	259200	Thumb
6ueej20kd7mp8go9tniv7ijmqo	0.2923076923076923	194.22936414013336	280800	Thumb
6v46neri6gko6hc616c37c4rjb	0.2608695652173913	122.80499482401656	304704	Index
70pkev5n1vctm46i19d2q8mqst	0.1346153846153846	211.76969956262943	280800	Thumb
72dthnhrkulo7lgaaa2dmb21j1	0.1111111111111111	664.8569664902998	230400	Thumb
73ad251o5dgdj3fco5ga2blqsp	0.029850746268656716	186.07113243307273	273600	Thumb
73jq2k5b2t7f5j1ma29saodc3b	0.06451612903225806	11234.143468863125	370944	Thumb
749eh0m00i0rmku9fqeb4bfd07	0.35714285714285715	677.2564317877572	250125	Index
74qasquu2u5u5agskrvppvk0eq	0.19117647058823528	192.35550409557763	358028	Thumb
75o70ttqamvtga7k6tlmj5grba	0.15384615384615385	274.58655666123195	367504	Index
77m70ao8dd97drs49qbimu9dsc	0.3076923076923077	180.68983516483516	273600	Other
78inknvjp2cjp3gmbfms0u9dlt	0.2222222222222222	789.0369398348564	786432	Index
79oaskvpsjvkb2mhp5r4v7pbc3	0.05172413793103448	1739.1209459123252	230400	Index
7a9e7idqa791qpen0rkle3unp4	0.8387096774193549	662.4741390906646	273600	Thumb
7alp8ef3eog6ho4s6k6vg1mkko	0.014492753623188406	418.3421037497124	273600	Thumb
7aro05snc4r5r11eb5l43829j0	0.013888888888888888	623.1096139971139	182400	Other
7bhqtphn07hjj6aqfjdjp2j873	0.15942028985507245	8138.372231965113	230400	Thumb
7bv31t3k9b425a8nnvik05558c	0.18181818181818182	262.639650974026	786432	Index
7c2904b85a3i2rkogorur2stma	0.06334841628959276	478.4040356702121	273600	Thumb
7cihjv4ghvv6n9bo6fg5v3skfr	0.14285714285714285	331.8854497354497	259200	Thumb
7clm9en7889huf597bpb5qjdr5	0.20422535211267606	4751.086509002747	367504	Thumb
7d0bs9ge6ph9pe80ssnki0kktd	0.03076923076923077	194.7952430902431	339076	Index
7dm55boev4dhp25o3mrt3qnj63	0.0	290.48148148148147	280800	Index
7dond9ifvv0gpbrmipfvrsll8a	0.038461538461538464	15017.120941707866	266400	Thumb
7e73snqvapqll9sq9so3fnjgds	0.029411764705882353	241.97842553688145	230400	Thumb
7edfgrcl53jm01g3b84p2lss7p	0.01639344262295082	300.5610975090484	358028	Index
7hf2jkfcab27m9pfguastqr29d	0.14925373134328357	179.3924840085288	370944	Thumb
7iucpb0rdd89n5pi0ihu63tlnr	0.07462686567164178	344.5176001082251	259200	Index
7j8ku4n0tdrhqrs0o3cbjm5onv	0.11666666666666667	340.0415070804901	348552	Thumb
7jf78urshe95u7vk6m3vct9rle	0.014492753623188406	147.86498734759604	370944	Thumb
7lhfdbiu66l9gditl0em66voae	0.16129032258064516	209.31421530977983	301584	Thumb
7m08n5m810nv9br94f1832ugff	0.16666666666666666	408.5852302789803	348552	Thumb
7m5v2dmokjhgdk6ojj6bhjt7tq	0.13793103448275862	514.6480158730159	273600	Other
7mphoc87vusc6vrsbt88nh20ci	0.10714285714285714	1382.368225623583	367504	Thumb
7n0aemchemavbid2hr8mk4rnbn	0.2631578947368421	376.978598010177	273600	Index
7olspkbmvgn85876dfpod24vpr	0.6153846153846154	324.2074928917237	230400	Thumb
7p6gpooponismgvam0vvvsjgse	0.08450704225352113	433.13929333577215	348552	Thumb
7php2s7v6is2o79m81q09kl98n	0.11475409836065574	518.8686117616445	280800	Index
7r5lcqvp6t2ltukuui4hisie4h	0.024193548387096774	5308.3382762175115	348552	Index
7s2subps693a12v4tqom3objuf	0.029850746268656716	175.8474144429368	304704	Thumb
7tiaa1eg4sloe3bv7psmi5m4q3	0.03636363636363636	3857.651250819888	348552	Index
7u2e3cekhdr5g6v7ufbotgmsfr	0.0967741935483871	273.22068934649576	273600	Thumb
7udhss2800rg0e9k9tqucribhq	0.0	555.4527777777778	230400	Thumb
82ln7u4ha2slbqub1ghk6gmgav	0.5588235294117647	432.5594498910675	230400	Index
865jtgom0u2n4o0l7km2f3koib	0.25	913.5433375104426	259200	Thumb
868ramo48245sq759716eh8vt3	0.04411764705882353	348.87851307189544	230400	Index
86d8ocsf4f9lo4igj1god6iesb	0.05970149253731343	352.9145517003726	370944	Thumb
86rkg0r28cb59in3bum6um4vlh	0.1386861313868613	154.64686720416648	370944	Index
88a27ei5sds5cotsn5jskevk7c	0.625	296.1864213564213	259200	Thumb
88p5pbhel0gq0j4faqc66412l7	27.0	32.625	301584	Thumb
88rk11h9jetfvpp8tqdi56558e	20.5	2.0	277920	Thumb
899cnobhr8moctuu2mikshv5vu	0.30985915492957744	341.22186452045605	266400	Thumb
8aio7ch2lmvd7loglio66gl1mb	0.21212121212121213	382.62622053872053	250125	Thumb
8cevtf1obabdaj4kmvfgknj5c9	0.06896551724137931	191.11827937388284	370944	Thumb
8cjh126th7t8fbo0muegl3t2bo	0.02727272727272727	149.20515880653494	280800	Index
8ck8vd10r3ttcmdbja74jdg0k0	0.06451612903225806	186.2311010673914	250125	Thumb
8d1sgb789q9uteu6ac8lrpkf9a	0.359375	258.67597753808695	927408	Thumb
8dcghs01sg6hcpp8i0mrv7d1rs	0.20588235294117646	181.83842627960274	230400	Thumb
8dda6lpji6qsjj7fum2qft8roj	0.1590909090909091	16200.697763918468	230400	Thumb
8dgs1pul0h2g3h5i78t3ac4olk	0.35714285714285715	287.7042308590103	358028	Other
8dvr71075h6hh69bpi443hobd7	0.0	396.7557470307471	230400	Thumb
8f1gq5umsn4egu9hu3flpe1pup	0.03125	265.422854099026	280800	Thumb
8f5an6pn92bcjff68d2jjicfvb	0.0	209.98990124458874	367504	Thumb
8fvf4ckr6qfgjpni4ecfd6kduo	0.03875968992248062	1904.5441552848533	259200	Thumb
8h8gc4dqj6nkmu6o3qgc4h0p7p	0.12195121951219512	14641.672226579314	230400	Thumb
8i24ds4t3bo0g6ng6la8kklf6o	0.2727272727272727	232.97797127115308	1247616	Index
8jm65ofb72ft55gkjnqebu96cu	0.7941176470588235	119.76134236134236	370944	Thumb
8k50vo7cakvqthn0v6fdftl1ab	0.1	411.4263888888889	367504	Thumb
8k86nv1j6q7rj77qhjbms4n7ju	0.23376623376623376	191.50666248955721	370944	Thumb
8kfotkl553gaqmm210q6d1nleu	0.0	432.8997626367191	273600	Thumb
8llatfbfj2qkn01135iffu9g51	0.10526315789473684	372.53886393472857	367504	Index
8m8ethr7geboo11218v6g7sskl	0.05084745762711865	174.96154951451564	304500	Index
8npfo3sc68tgsalt12n1terk97	0.32786885245901637	9822.06361329927	280800	Thumb
8o6d2qreutuev6mo7i02ar8qrf	0.015151515151515152	337.10577801827804	250125	Thumb
8p7n0r2f78cskbmn80tvejfrav	0.08695652173913043	279.73281794694833	259200	Index
8phcv9a2521ummok9fo064ujse	0.08955223880597014	313.95854224548253	181760	Thumb
8pj7t5t6pardq8lvsiqdc7pm31	0.13114754098360656	9519.429829619381	259200	Index
8q665ktgjsfcpbdqbe0g395ej6	0.08695652173913043	641.9540184453228	308898	Thumb
8rbmm0bgm75vfss9hqnd770g3m	0.07563025210084033	599.0076586345493	304704	Thumb
8rikagp488p9kav0r5dlbhorbt	0.038461538461538464	1757.5446578184947	250125	Index
8s6ud2pbh0d8k6cudsr2ub2otg	0.1111111111111111	450.04831107859275	786432	Other
8smujhski9mk1k142h43dvk6li	0.03676470588235294	178.37646991488901	370944	Thumb
8u1m0cv0i6oelvil5nknbgae4h	0.057971014492753624	141.81224146224145	259200	Thumb
8v1uuf07dklp3k7lbrso2fpulm	0.23076923076923078	129.2412876012876	339076	Index
8vsldlpo82crj3d0lrjc9b86hr	0.034482758620689655	381.44378035757353	304704	Thumb
92iabujv3trgp9itvdc8n3713l	0.11538461538461539	3918.318315253123	259200	Thumb
92moghvr8uvbs82a0r1i228m3m	0.8571428571428571	319.1670357420357	250125	Thumb
95614ucoivohurbqivjc7fu5c5	0.314070351758794	6899.931256505879	304704	Thumb
95ntft6f2j5egbn5m5eq8citi4	0.0	114.1321067821068	348552	Thumb
96753bakakn0ltf43elilcam9q	0.24817518248175183	164.2358601455317	358028	Index
973trevqupidu08pvluaoj6ulr	0.1111111111111111	303.7035844556678	376980	Index
986oivjgg3rpb7a7718g25iqh1	0.27419354838709675	583.8533489807684	277920	Index
997gkffuj6d2rdegq4a9f8np2o	0.2191780821917808	302.34128101945004	370944	Thumb
99lja9sb5ndhdn7n4uul9o4c58	14.4375	54.11714285714286	301584	Index
9advp921m7frh71v2hamfg7uom	0.0	4135.499299774299	304704	Index
9b5sidaj2fhvfdmmfee6fq6igu	0.234375	369.0298549107143	370944	Thumb
9bnv6rd5us31h0qv7sj4hal32t	0.06349206349206349	4339.456201184177	259200	Thumb
9cuqc4abjv9o2unv0a0561r9t0	0.0	146.53863636363636	280800	Thumb
9fop7gk38m4cgogpidhgs8n4vl	0.07692307692307693	197.0596078707617	266400	Thumb
9g0163jbmbt30bgbjrfe5o2ktb	0.25	594.0877976190476	334443	Index
9g38i0vsjklm3uvrksd9shk4r9	0.28225806451612906	226.30575899510328	301584	Thumb
9gatld0huf12d9mp3uubgc2vb7	0.14173228346456693	2043.9468623240275	250125	Thumb
9hkcthroj50tdnes4imhkq8ae0	0.043478260869565216	266.32059884559885	280800	Thumb
9ioga6dl8rfevttp2s35ukpv7d	0.13432835820895522	294.12484418566504	304704	Thumb
9jp1ocn4a4lhv5o5pdgu4mitrs	0.12781954887218044	160.7375581811672	348552	Thumb
9jqvo5b1j6ug17k4qiuh2lghvd	0.19444444444444445	5919.129244846375	338238	Thumb
9k235t76ja3pj3u09l1n90hm17	0.06153846153846154	5726.21346915193	250125	Thumb
9k6hjh7d432008n0rknj21v29e	0.03225806451612903	146.7544768403639	230400	Thumb
9l0rug9sgn8pg3pik8oi8rporp	0.07352941176470588	258.38696401637577	367504	Thumb
9lchgibo2dr3clvub4pmacnf6q	0.058823529411764705	203.54952775982187	367504	Index
9ljgvjmfpph49s7ql0qp3qfrog	0.21621621621621623	224.5831349206349	280800	Thumb
9lka6a1bk16mj5idhrla6sjl3q	0.36065573770491804	1268.1417364511626	250125	Thumb
9lkn14dhdhglk19m3oposm6o9n	0.2537313432835821	414.689935821754	181760	Index
9maf8m7au61vlrsf54eukugt0a	0.16666666666666666	2631.237198773448	348552	Thumb
9n646ksvqko2dfki2dqo15k1io	5.0	11.342857142857143	259200	Thumb
9o4j6ek6puc2nsuur5rclkb21c	36.0	17.60648148148148	348552	Thumb
9o4j9r29ttjvqmnq5lq1uv20h8	0.09090909090909091	772.9666666666665	259200	Index
9pmlfh3t2iu6i058t9f9ntatme	0.11267605633802817	221.50384456813026	230400	Thumb
9qbprvgb5u70g6k019h6mjuoa9	0.045454545454545456	147.36639009139012	345668	Thumb
9qkcqsbdd5flkc2nebui1v0ue4	0.06474820143884892	161.08501866490997	370944	Thumb
9rtk366ka90kkm1htcltl901u5	0.0547945205479452	142.43041125541126	370944	Thumb
9rtou4527e8kuphgnf3kv6lloj	0.12307692307692308	256.91281107781106	273600	Thumb
9s5nulj4prr33qpln5b1lbaooo	0.5757575757575758	114.9085618085618	370944	Thumb
9sqdpf3ll0l7gttjfpjufgmcoi	0.0	201.0508326827999	301584	Thumb
9t2au48iu189sgq15u92d2ltpr	0.3670886075949367	3294.4212930204967	288000	Thumb
9tlsq7squuhsjbidf8a0e4dmah	0.15	8374.803676971178	280800	Index
9uedokuiln1m3hl2ivi539b9d4	0.05211726384364821	13820.3693043746	348552	Other
9ug2059fj4njin8oef5ukv45l9	0.1111111111111111	387.2505681818182	348552	Index
9v10oe3mb5dce5bcsc6aco16l0	0.2727272727272727	390.7517349575489	786432	Thumb
9v4oqtjk0e69u1sm7vctj6htn9	0.1320754716981132	228.86020140760706	266400	Index
a1if15s4ip05mdcjs7j2rv56hv	1.2758620689655173	394.2427937005523	280800	Index
a1rmjggnhq0ahqaojtdgil7lcb	0.24242424242424243	185.89202594543502	339076	Index
a1sinfqlmmlpvhi12007uj4as6	0.0	223.23511904761904	280800	Index
a2pi56js4nmcl4djl1vqmq04rg	0.10294117647058823	207.36257639419406	304704	Index
a3pnhnd4908s9b8d2uo97cgu2v	0.0364963503649635	479.51540693693977	358028	Index
a47pkq4grmuev78bq1nuk28sgi	0.5833333333333334	3223.4084992784997	273600	Thumb
a56us5knoikq1mga1pu37t1p58	0.0	451.22222222222223	230400	Thumb
a6bj8ugikh8q11bdo4hdl6gqai	0.05	232.43591991341995	304704	Other
a6kvq5qjhmgscj9nk3jvf1tb9g	0.11286089238845144	16821.096309850836	230400	Other
a6s3hseqh4c0mufbttkpvua388	0.26666666666666666	241.54513227513226	230400	Thumb
a7d31ei3hglrd7d0bmfbdt48p1	0.1746031746031746	1116.339915595868	273600	Index
a8neag5smaeudl086v8en7q7he	0.6875	578.7392684610076	301584	Thumb
a8ubo91lo8u5omoteii578816n	0.013888888888888888	425.82060736331573	259200	Index
a8vqmofbdtmhov1ud3ii8jv4m3	0.3793103448275862	211.39869196895057	273600	Thumb
a93hub6aps3ssjd7higq2buf7v	0.3939393939393939	111.98399193399193	304500	Other
aabsais5jfjmqpjihbkbklpfhm	0.08403361344537816	6039.9221578374945	250125	Thumb
aats6k10q52vtrrm2c2f98onho	0.1875	187.56414930555556	266400	Thumb
abbucsnhdjrlp4bifdu9acm8ro	0.36363636363636365	263.0583817425395	250125	Thumb
ac5f46l5051qn2p6uhmtf4kped	0.15789473684210525	372.64912280701753	348552	Thumb
adm9uftaja9htqb173fdtnbg3i	0.352112676056338	214.16558238318802	304704	Thumb
aef0o6fi56gfh6pi0leb3tjmjl	0.13432835820895522	313.52246873496875	280800	Thumb
afbmchaa1cmamo9jkvpkid5lde	0.0	266.2964693013079	370944	Thumb
agdc9257a7adp930vc7k19gi1c	9.0	81.43270202020202	266400	Thumb
ai3a1v5em3ctvqlfs5mndofe7t	0.10077519379844961	3952.239326887583	230400	Thumb
aj94v1643acd19mat3jeggcci5	0.09375	179.4725570436508	304704	Index
ajig9a016qdhgeft7tv7v0s51r	0.04838709677419355	411.2651852627659	304500	Index
amfadmg4u6qt7h70o2oh88modd	0.08527131782945736	1981.6625043345975	326190	Thumb
amqkdm4ak0dbgh6prv86eq1p7l	1.0625	160.72077664399094	259200	Thumb
aoesd0o3ru3pekbkklhg159jdh	0.10144927536231885	231.35334086203653	370944	Index
apn6mh7ac04ib67adub35ihq73	0.15384615384615385	313.86862637362634	304704	Thumb
arj81aj4r99beahjho7p9mu2qi	0.028985507246376812	138.54864065081458	256680	Thumb
audc7tlc2ck4m6n09pkc46rvgj	0.03296703296703297	223874.69621624812	376980	Other
auo3r56g3iq6ecl6o3h40ps74m	2.3333333333333335	322.29999999999995	339076	Index
b0ocbnv6nu54pt636lcn325bp6	0.25	247.2544642857143	370944	Index
b105gjgdqfat5v3g9pde8lj1lf	0.3515625	218.57151565882035	389232	Index
b1ci52dl6lo7r1ijk1h6364ae4	0.1724137931034483	545.1814313081554	280800	Thumb
b1sp2oq29cpe5k6s4bfcehu396	0.15151515151515152	226.47353622808166	370944	Thumb
b2pmjqa8r7drfj8kq1r445oj82	0.06060606060606061	150.89660184092	304500	Thumb
b30ipgqir8ntk66dfi2u11cft7	0.10344827586206896	24227.994316937857	280800	Index
b37cptuep54baqm4h62sj7p9pe	0.4375	1565.6428030303032	230400	Other
b3ir1kvh9atp2vfl6nnb6onqbs	0.015625	352.2094640602453	280800	Thumb
b41i3fo10nabiriqp5gg3cdjn0	0.19696969696969696	186.81428407451136	301584	Index
b4h1d1ol28nop5hs55aufetsvf	0.2	291.86026806526803	266400	Index
b5dmfc9qha2lmjmnuaf5ndgk2l	1.75	547.55	273600	Other
b5mkucbmf09ujcibmjti4etu7r	0.35294117647058826	660.5597572362279	259200	Thumb
b60mf44hachl4t1u21jsm4ekqn	5.454545454545454	279.67685185185184	230400	Index
b63nn8ckbnpqhthshqtrtod3os	0.15625	1931.3346369342464	230400	Thumb
b6ktjutlsrufj3mm0do47vu8m8	0.0	684.978431372549	273600	Thumb
b75bbqhl2prg5d8fevbs0ffinc	0.16393442622950818	279.245218579235	280800	Thumb
b82bb06eqvs50pook4dtuijpli	0.42857142857142855	328.6925170068027	334443	Thumb
b989om1r9ds7srn3hgtuunuaqn	0.10294117647058823	320.6173446651388	266400	Thumb
b9gnree3p2ddd0rkpi51lpi265	0.2	336.44713488266115	348552	Index
ba95vtl68lt41h9nqg4l4rcmnb	0.16091954022988506	6998.909426528032	230400	Thumb
bb1b9sfs983mtv24psslpvh734	0.23684210526315788	337.5576782866257	301584	Index
bfe8gsevjmmf0dge23dqrbp9sj	0.014492753623188406	159.65686994165256	273600	Thumb
bgde5i0tom5p4jbeiflg8npvt8	0.1450381679389313	240.53869690779212	250125	Index
bi09171bvb0sqb0hgkt09spmpk	0.39705882352941174	1405.277942237501	326190	Thumb
bi6vbeqsnhn16ln94rqe97om1o	27.0	112.0	259200	Thumb
bilstako3g9nhes5dlb8421vu5	0.022900763358778626	177.4719281142945	288000	Thumb
bipdgbvln5msf592mj3jhdoq4u	0.18461538461538463	176.49872460872464	240480	Thumb
bjn01fp1b7hqglrvgc0ldfn3a6	0.023809523809523808	193.7122867212153	339076	Thumb
bla8juf6diitaj0fm9qnveiugk	0.0	224.36633986928106	304704	Thumb
blthbs6v066vdtgjit01460f8t	0.0	122.20780326375566	304704	Thumb
bmkr01maq7gjbbe5p6ma36gvk9	0.06349206349206349	2364.245066059749	259200	Other
bmo0cq8etelpjatvnrlfriigge	0.125	2253.1823037856243	370944	Thumb
bmor5qcapfkobckk8dp94e6nje	0.045454545454545456	166.0227983296165	339076	Thumb
bnpkoc4p83kkja312sjo16mfeb	0.0	240.1838469731327	273600	Thumb
botulu824l452bt05dcmupkgse	0.06779661016949153	150.43192885269156	250125	Thumb
bqdoksqb285gcorisqv5pb61q9	0.1095890410958904	525.344947991823	230400	Thumb
bqe68p8quo3ef1djmqif709vp2	0.03125	132.75042782738097	259200	Index
bqi6mifj7f7hsncmnmlib69uh9	0.014925373134328358	196.38361762615494	280800	Thumb
brb4o8hfnf288s6oafc77q1tr4	1.0740740740740742	12496.881242508229	280800	Index
brcgt6k9pg879gk6tg59h1hgnj	0.13043478260869565	624.178264489134	204800	Thumb
brjk348vf1chp0kiul9t73nrh2	0.2916666666666667	213.5379043410293	280800	Thumb
bsp6ira64ga3964sgettjfdnhn	0.015873015873015872	525.4007582805202	358028	Thumb
bt0q1nn021b858qpranuf9u4re	0.0	613.926984126984	280800	Index
bt7cbkcjk416nuqn1g5880rjq7	0.2153846153846154	6216.412398045539	339076	Thumb
bui5u3mn8fq8lmbpau9mluch8f	0.5076923076923077	399.1445430871212	273600	Index
buol90urn8cub07rvvppa8p1b3	0.037037037037037035	255.6914838864839	348552	Thumb
bupqte2sfjlvi43i0bq700tgf6	0.6	246.71375661375663	304500	Thumb
bv4ejucc1en9vkqe19h4dbvv04	0.07751937984496124	473.0984085036411	348552	Thumb
bvblc1hlhbbnhnpfiki4j7ei5e	0.11594202898550725	207.20849384110252	370944	Index
bvggnfe0chhpufkdevgv5ckgen	0.45454545454545453	873.0932561546197	358028	Index
c0m3bp1gb6lhj07sc15ga5tkv3	0.4	348.2827380952381	266400	Thumb
c0s8rctigdeljs4ahstf81n3bq	0.5263157894736842	352.5884259259259	280800	Index
c24ejmdpvst3144q7msg5kr2o5	0.12962962962962962	3814.184789695901	370944	Thumb
c40f6124k80b15766rucr8vp4o	0.058823529411764705	137.9499504580387	308898	Thumb
c5cj70pkhs1s3i21u6daopcitk	0.3125	272.9210108901515	304704	Thumb
c6de62d52slctlmelc9725glhn	0.0	1526.6333392472736	273600	Index
c74l58760130gvoh8but66pp51	0.09375	231.83855181277056	273600	Index
c7mg55oq2t13thsolt2m7gv5tj	0.05755395683453238	333.995058658368	367504	Thumb
c85gj8e2dekuqu5ag0tab7b0ni	0.20634920634920634	179.97207849469757	259200	Thumb
c8ekoqbt9h2pl03le23qffemol	0.25	284.6164922142534	182400	Thumb
c8g66fa9oc3158c3ocp6bjv8nl	1.25	207.83333333333334	230400	Thumb
c9otr0g48uefeehhnq9chlu9ba	0.04285714285714286	248.7869217687075	367504	Index
ce1mmjph1ali478dkueu1oe1j0	0.2222222222222222	158.49708994708993	280800	Thumb
cf0utrsgfmj7fga2av01ubvrr0	0.09722222222222222	171.21274150232483	370944	Thumb
cf3ea50jppbqfi4aol96ej8k9d	0.0625	264.30642530212845	370944	Thumb
ciolo6fivv759dcis2aab6fbdg	0.12307692307692308	235.6995177045177	230400	Thumb
ciub5ebgi4odqa9o4m7993367a	0.4117647058823529	639.122549019608	230400	Index
cji0a757pfhlnt4uf6n4a6updl	0.09090909090909091	269.6996545542	304500	Index
cjndjsmsopp9mb19699713gj76	0.04838709677419355	277.8322534096728	182400	Index
ck9rb417qr7lvrn7sbp4aq1alu	0.18333333333333332	176.28382696007696	370944	Index
cl1igtl9n4n3d105p70071vpb2	0.23333333333333334	205.99086237836238	230400	Index
clec95gd03j5guatr1thmroah3	0.13432835820895522	146.206677236528	348552	Thumb
clg4s4ohoektif5e4ckp5t51cm	0.11538461538461539	9076.660698553585	358028	Index
cmc5r6cg1hvcdfi4g984ki9htd	0.04918032786885246	252.83597863884748	373248	Thumb
co6o7mr8qqkgsvdvuduutatc5e	0.24242424242424243	300.6517212164939	348552	Thumb
co986bsti0mvdbedvhng6ueg7l	0.0	504.95	273600	Thumb
cojvqsqv0old8rv7tfpq7b1k5h	0.05084745762711865	2223.0723500134523	280800	Thumb
cpukvia96brb6or7dgl6o3rr4q	0.19230769230769232	708.9928571428571	358028	Other
cq6raonqh2c9c0b68n3d9e13eu	0.05555555555555555	146.97054673721337	358028	Thumb
cqkqkn2cttbqlhlk6f8h3vtd0o	0.5333333333333333	465.8476190476191	273600	Thumb
cr1f687m2ugton02egjurkghfb	0.10204081632653061	408.4468761963659	181760	Thumb
cr8e9djnor2v9p9udb6t3akmlv	0.04918032786885246	272.4507416081187	786432	Thumb
cri55jv9259ih3epm30fg7ri24	0.09230769230769231	169.2689771766695	273600	Thumb
crrtpk003307cb809eiujdnr97	0.5454545454545454	479.8871403769842	259200	Thumb
cs7a6m3td20kdgtevcmqcvlu0m	0.13114754098360656	432.97588172301283	339076	Thumb
cscg0259d07s353vf5e1fqainn	0.037037037037037035	923.7702166146611	250125	Thumb
csl0o4j45vpaqgprhl6spd9je4	0.1111111111111111	7582.867063492064	182080	Thumb
csmd4pc858pt96jjvrtbb2rdj9	1.4285714285714286	286.33944444444444	272160	Other
cso7kuv4secd5md3tfdhranbn0	0.0967741935483871	282.72271505376347	259200	Other
ct1ba4p5qv8orm6ak0kji9hvq5	0.6519607843137255	3943.3132811222717	280800	Thumb
ctimcfb2lmrrn5s24994682vma	0.08620689655172414	193601.49294769275	348552	Index
ctm2tn1630bem937jkajhamhbt	0.13043478260869565	398.5491718426502	259200	Thumb
cu3c83uv4uciklfvqjn4ftls43	0.08823529411764706	163.1095694338341	348552	Thumb
cuuebi3gekokivuik1rht9uv86	0.7	449.7002777777778	230400	Thumb
cv34r3g9io2aeu04mfe9bhim6g	0.078125	757.4954438356782	367504	Thumb
d000cqka10b64sv7rhkbhn8ai7	0.32061068702290074	168.9762674348552	304500	Thumb
d0fuo4m6j92fbvm7db6vdrg3do	0.19230769230769232	6564.214265595516	367504	Index
d0o6ebed7rff1f6btukpalf41k	0.16129032258064516	200.36457722385143	370944	Index
d1839dpf9d1liija4buvjvm2cm	0.02702702702702703	449.25006727506724	230400	Index
d1d4guf97l650vg6pc3jt19i6r	0.6	727.85	301584	Index
d3sk7vto2l620a3jlab955pq9u	0.07692307692307693	262.09091365899064	273600	Thumb
d45ttsaepg93mlb770ldedkd7v	0.030303030303030304	184.89859853950765	370944	Thumb
d52epcrk03d1odthl3c6pt6g41	0.16393442622950818	228.53956130390557	339076	Thumb
d54sp7enm4fr4dqe689nd6ktm0	0.19083969465648856	1492.776164823302	266400	Index
d60pb3bdc0pv2r7lk0svb4abie	0.16901408450704225	749.4976226551227	273600	Thumb
d6fj8gs287jfbnlirbb9mcfvm1	0.22535211267605634	178.37893878422045	370944	Index
d6supmqsiinhpt02gbopqjl7ur	0.0	250.41145833333334	222080	Thumb
d7bc6kbb13fdl1hqhfeileomet	0.046875	220.70501950306638	370944	Thumb
d7ks8orscbcvfubgjmu0e4uidm	0.06779661016949153	188.61094602196292	250125	Index
d8rq39pit2u4omafk9jc7gc2dk	0.06451612903225806	224.18678024484475	280800	Thumb
d9p1qm15qae4v59m8vghjdoovq	0.05555555555555555	149.63036515953183	230400	Index
dbrd7egs5pd3kcrucsbd9nk47v	0.0	286.52	273600	Index
dcfncfj8jpvfebgpr7jbpa7g67	0.1218274111675127	15113.45006624708	230400	Thumb
dcqiduqajs9ks4fu2rmllggccp	0.09090909090909091	347.34671717171716	367504	Thumb
deo390bfdlb1idbh76pbkie0tj	0.022222222222222223	1017.942177328844	304500	Thumb
deoilbn3bpp5cteots1ma91bi7	0.11666666666666667	128.99535834535834	277920	Index
df9acd3v7h4i8hsvjcab1oklg4	0.18032786885245902	462.69451245475835	339076	Index
dfhghjclpv78u9crppm7r19pmr	0.14516129032258066	613.4043606483123	348552	Index
dg1rqn52ec8uccgm53ifutkt9u	0.25	525.0814393939394	280800	Thumb
dgisokghf65ujkckeknhkk9131	0.01694915254237288	183.49483698975226	334443	Thumb
diqus41qafb49938vcjeg1ok2q	0.06557377049180328	317.232145814113	370944	Thumb
dj6hod2de1lpfsm5qjlcd48f7h	0.09523809523809523	318.71201871320926	304704	Thumb
dl2un40jmkrtadf0arijfjeb4p	0.25	221.08333333333334	348552	Thumb
dlejsgcovtht3t06cniqg47mpg	0.0625	243.39031918602228	370944	Thumb
dloapm95uclsesuq1o1sm0ip50	0.16923076923076924	300.713894993895	304704	Index
dos75clc7q6gp19vfdatjkgjac	0.06666666666666667	2213.6001010101013	348552	Other
dpv0e4urv38qgd65hevlttu3jn	0.3888888888888889	290.3466507836299	259200	Index
dq1o0a1ardlluenmird7rqrmga	0.323943661971831	1434.1344348140124	266400	Thumb
dq6af6oclekjtik8pukkpab36j	0.36666666666666664	241.3068253968254	230400	Index
drb8t4sdqqlcfbbl7n5oaquj8i	0.03125	216.70796356421357	301584	Thumb
drv7aoj7pdvdeevvkvasri8ssi	0.11594202898550725	267.85406421275985	367504	Thumb
dsbupqs0mkb4biucsdp1nrtf8v	0.45454545454545453	436.93787222878126	250125	Other
dsgenlehd4r7opi2u7unnmacn6	0.06557377049180328	111.33674331133348	370944	Thumb
dsjoruhh8f879fuua90jinnl27	0.30434782608695654	50701.18157549797	301584	Index
dtesqp5egov2k747ravp6fi2ht	0.14285714285714285	316.54748137350174	266400	Thumb
dtmvgfp7huk9d34kp6q3rvptot	0.07407407407407407	486.0546884185773	273600	Thumb
du6gm9l4istdsgv4f77qhk5re6	0.14285714285714285	199.7048466524657	280800	Thumb
dvm2t9s1kq9q7j57krtrgul5mq	0.14634146341463414	143.4990321331785	266400	Thumb
e0ckdeh94hc5tu682ah99bqddb	0.04411764705882353	573.2116129785247	266400	Other
e0e2upgnq7dlb0grkg53t75oct	0.11428571428571428	2962.695685941044	230400	Thumb
e16spqfvlc8s6mvqphiget54gt	0.07777777777777778	446.3162942921276	280800	Other
e212hateq2hs46f8ro032d1erh	0.07352941176470588	181.85801192271782	273600	Thumb
e2nd9avrpf54oiq2bl7k7oebf8	2.0	17.285714285714285	280800	Thumb
e2qv1i96tuh6cnneabtdsitabn	0.075	284.28225556850555	259200	Thumb
e2su850j1f5hgeph76nfb5htvp	0.3484848484848485	201.99889601139603	230400	Index
e45luoq2bs7cdtrviu60cmuflr	0.05755395683453238	188.1976181692009	304704	Index
e53bo36kuadkptgnrg9safb2hf	0.26666666666666666	203.12722222222223	367504	Thumb
e695cfv2njhhe0mctrtp9a5rcs	0.375	213.51041666666669	274707	Thumb
e7i7753lg7m8jsnnl1k29pvvfd	0.0	173.205859770412	334443	Thumb
e7nt1sq8n6uj0lbi4rfi8q05oi	0.05	237.90814935064932	266400	Thumb
e8kfa12t1ln7uobm536b659d8c	0.058823529411764705	291.292923987777	273600	Thumb
e9p86un1r7ftnn00ihoeodqp2f	0.955	182.73419415306915	230400	Thumb
e9ttt0t7h211eglvvtlchiq474	0.13636363636363635	615.1746031746032	182400	Thumb
ec55mombhrcp9ri3ljuku03j2p	0.11979166666666667	6925.025196345899	250125	Thumb
effsfcnqn82ep0d8gsvno6ov74	0.18840579710144928	322.0271796641362	273600	Thumb
efuoib7dgjda3c66qoqcnj9t78	0.20634920634920634	374.77273581797397	308898	Index
efv60jljub8o6qahg8h9culn3e	0.16428571428571428	110.20309407854052	370944	Thumb
ehl7pvqnosn2n89i0v3bsga7em	0.04225352112676056	385.49398641264844	273600	Index
ei065rv3t8rbk3kmu9fido5go6	0.28125	161.2887214781746	272160	Thumb
ej7nb1ght5pm5gmvrh7qo6du7o	0.1910569105691057	13441.04630634158	370944	Thumb
ejf0in2qm0u4gil44v05tokjvp	0.4262295081967213	260.49645163579595	370944	Thumb
ek1q5u9j68el2rprf06mrvc5ss	0.11904761904761904	600.8470238095239	170880	Index
elm0rj25290gj82dkd8o5d6cup	0.078125	527.2303447420635	348552	Index
elud1547ile78mpg9ggvtgialj	0.10294117647058823	220.1263188608777	273600	Index
emheuubm6v6m9f5nd47mgf6aug	0.17391304347826086	613.4143557730515	304500	Thumb
emt5fj4vtavg1hodj67312ul2v	0.125	235.3749362244898	373248	Thumb
epa10kdlej3dm1ngsc33177afk	0.4307692307692308	334.303759018759	230400	Thumb
epoq15q1kb63vbj5atf5eas3ek	0.023255813953488372	6480.607181827394	250125	Index
erpu2uequa1cq2br66uv10n478	0.08196721311475409	122.89099011189174	367504	Thumb
f01q6mintpac81i2kt7fvd50au	0.29508196721311475	1636.7307601778912	304704	Thumb
f0iabqarc6pq27bg1fmnddd477	0.04918032786885246	395.45976154992553	250125	Thumb
f1764hueiebnup8e45lfeaffj3	0.21052631578947367	170.2421052631579	367504	Index
f29s43j9e6ahsbvi5tn94i9kq9	0.1223021582733813	254.04903092511006	250125	Thumb
f2lalsc6q3smbcb6m9sc8k2lgi	0.07692307692307693	391.43241758241754	230400	Thumb
f3lratp81u1m8omcqtmhm3ppv5	0.03076923076923077	115.77342712842714	304704	Index
f3nkalsd4ckodk9qujdv1eiua7	0.0916030534351145	8620.828920062128	367504	Thumb
f443681k8r51kme7891ph0jn1o	0.23448275862068965	2699.6320704758205	280800	Thumb
f4vmvvb2iluahtc74cjo5e95jt	0.032520325203252036	515.7953032062788	389232	Thumb
f56qu4nfbvcrss5tj0r03odrs1	0.15384615384615385	281.1028918944303	230400	Thumb
f59tlaih1mb0les1fgomq6amv4	0.06060606060606061	258.49857360652817	266400	Thumb
f6d25pvt6cnogu7r9dcad4m09l	0.007352941176470588	2927.3270272415493	367504	Thumb
f6lfusie76tgftok8q6ine7bor	0.014705882352941176	99.4638321237586	280800	Index
f6mcfmvf16e7lno4k3aua8t4re	0.06060606060606061	134.20043945953034	370944	Thumb
f79goo7nvfg3a7au50v6fbofr2	0.07731958762886598	389.0967853452389	280800	Thumb
f7illofgptruc2fpstqoh1bb55	0.4153846153846154	2864.2750914043218	367504	Index
f8e67an8t8fs79abdiba72hbev	0.13043478260869565	1063.4940476190475	230400	Thumb
fa27cd0pvi45gp1laml4ud7rta	0.3	286.5265455304929	358028	Thumb
fa4pejmb2u419s1qslvo5qknst	2.2222222222222223	533.9987026862027	301584	Other
fb7lvol7qij4nfkve4ppqsa0dv	0.11666666666666667	292.4653090428091	250125	Thumb
fccpa7bof2dlqsv9fes6lr7d6s	0.36363636363636365	105.94826839826841	370944	Index
fcimfg050alk5kj2t5ddbqq0ud	0.09333333333333334	218.8112486772487	370944	Index
fd5gmaablg1v5uds07dhgrd48s	0.15625	163.83222233495673	304704	Thumb
fdp4lfkort5gi7659jpaom7tkp	0.07246376811594203	224.2071784093523	370944	Thumb
fe1g5itt0c0l1rs83iot29hc8o	0.0	156.97132452893322	250125	Thumb
fe5djv5bsisr64kuj0733ab42v	0.11940298507462686	530.4542140695127	230400	Other
ff3arl8el636cjph4f3il168g4	0.16176470588235295	170.64292717086838	250125	Thumb
fg3kpiiafun0ano3fjnv2ag698	0.058823529411764705	351.8103853662678	304704	Index
fhf159fbp3cv5336r1ov7f4frm	0.05	387.36596440596446	304500	Index
fhirsbma34r2pff9uvpo2moj49	0.06153846153846154	1413.7415406815408	280800	Index
fhjej5nlulkdp363i3gneafva3	0.25	275.83660714285713	230400	Thumb
fict7olji3h32njqg8up28jelf	0.1935483870967742	372.46480140988336	230400	Thumb
flcv0btqthq84nmudv4f599ine	0.11267605633802817	166.52653950118741	230400	Index
fm1i7hncmrvrj9dbs7cj4k8tha	0.041666666666666664	362.03401725589225	370944	Index
fm3oceoht7untd5n94ojnvb4m6	0.265625	339.75212899974804	230400	Thumb
fmtqi2rmrboli8n89gcog15ue5	0.5364583333333334	145291.64970773377	280800	Thumb
fmuoph4td7b4l4ub63fm81g5i4	0.7575757575757576	246.6713383838384	266400	Thumb
fmvgid6jhma3no2bpa3bg3ejst	0.07575757575757576	152.94733414733417	348552	Thumb
fo4m5gk0nvg3kmg1b2gt7g316i	0.12195121951219512	273.57847024249463	250125	Thumb
fp45ucrnhgt0s8smuscciasas6	0.08955223880597014	332.08928732958583	367504	Thumb
fphancl5mue2lqtko5h5qv5eln	0.047619047619047616	1731.3546107331822	259200	Thumb
fpjn677sl7fq0981nkb8ukuqqb	0.06666666666666667	107.35202482702483	358028	Thumb
fqv1met0qktqasckl3a15a3p3p	0.07042253521126761	259.1994258480174	370944	Thumb
frmo6u8vsac1113tb3h9ucat1s	0.09523809523809523	295.3419806824569	230400	Index
frskqfmecnscmrffeh8ibp6g9n	0.3582089552238806	256.6785832741057	367504	Thumb
fs9c8rsidm91bg53p8g59jv220	0.18461538461538463	173.33505494505494	339076	Other
ftduu72l9ajkltvmnoa6s05m50	0.6724137931034483	8142.823487958402	266400	Index
ftf2k2qq6jgl7m0as04o673nhf	0.06521739130434782	94.65382421523726	304500	Thumb
fu3jnt1g8qghfo6eelkjnt9ojr	0.058823529411764705	326.04331232492996	367504	Other
g0m4pj0skj7a6glssa73il1jh3	0.25	371.8672619047619	304500	Thumb
g0n44jhemirddk1no0h01lt4vu	0.5365853658536586	4340.647683873503	259200	Thumb
g0r9lq7a2lr6v2f9qsg1u60jmp	0.058823529411764705	4749.028891676135	273600	Thumb
g1dgig1st0he01bmgdjo6crgds	0.015384615384615385	130.7876769811385	259200	Index
g23a61eplqqlp26ov4r38u2ru8	0.03816793893129771	1757.0467964817203	348552	Index
g2bu6ks02c1k3l1b7knjnkp817	0.2898550724637681	418.98316080055207	370944	Thumb
g2rqcecvf7asspsssjtf203tvg	0.8947368421052632	190.62989417989422	370944	Thumb
g34kimpcr0h3c2rv1ud4ecljto	0.007751937984496124	2730.4871114243206	230400	Thumb
g3qqj7r9od5ctm7tmp3tj5h1ia	0.06557377049180328	350.7069837721477	280800	Thumb
g409vvke02mrjr68tqupiu5ge3	0.06666666666666667	184.92569825236492	250125	Thumb
g46auos4ub2b8qpd1hjad1frc5	0.06153846153846154	182.24370573870576	304704	Thumb
g4f364dcjt2n0h7fmh1sp4n8m2	0.1875	195.31275132275135	230400	Thumb
g4fu670a6o4gt011dpojgj4ll5	0.06153846153846154	371.44461538461536	308898	Thumb
g5l2odpa9n2p5qos1jida79lb8	0.057971014492753624	267.12306135893095	301584	Thumb
g6mi1o6bprs44mo5u5f8ef3qdg	0.15254237288135594	163.24882297551787	230400	Thumb
g6n40ib79agb13c99343a80a0d	0.0234375	385.7336388437951	358028	Thumb
g7n7vn7s7ia4d4ce4nc87r37n9	0.028169014084507043	292.966369116017	250125	Thumb
g864cph2idn4jv74v17jlm3iho	0.1746031746031746	4490.0629760010725	273600	Thumb
g93oboccgpf33evp6gpmfhb6p4	0.17647058823529413	364.73517581274933	301584	Thumb
g94lb6jl2bivbh9t5m1johmf1k	0.05454545454545454	2651.731544011544	358028	Thumb
gbcnoqvgkmn5867iiqqbf4ckpl	0.078125	309.0392316017316	259200	Index
gbfob2mgumpcpivcd3405vlca3	0.2631578947368421	6638.321826662617	280800	Thumb
gbgk59ivq473sv6l9e6a3tjf3q	0.03571428571428571	3100.3595991805814	266400	Thumb
gcjta26df11np5fcv6a7u268ce	0.0	133.3975131078072	259200	Index
gctbq3b25v4u13ii481dbeco14	0.11940298507462686	181.7956526889363	367504	Thumb
gd6efsp595gupjmhas2ba3kbp7	0.08333333333333333	1900.7999163715072	268920	Thumb
gdcnumfmko6hr3a2vh9b6aioqk	0.4166666666666667	191.20833333333334	230400	Thumb
gepvt2p249s4mgbe0rb863uvo9	7.5	157.0	230400	Thumb
ges2apg673li0ck2at15hbrj16	0.85	692.0169172932332	230400	Thumb
gfa62fbhahhnqpr0a516icg0jc	0.07407407407407407	341.9375621292288	259200	Index
gfr18j1m4g1m6m5jk0d6vmqdn6	0.0	494.90101010101006	367504	Index
gg1ngc8aiacbf0b9f02vnnn66d	0.046875	199.51932381854257	339076	Index
ggeajavedgsmk22grfml50rns1	0.06060606060606061	313.7297378547379	348552	Index
gh36dqb9de52hkud673pqu6fji	0.2571428571428571	507.6482199546485	230400	Thumb
ghn3hdd6qc51q2edc9qvq5pcus	0.12598425196850394	320.3964054099881	367504	Thumb
gi3ol4q39rshv578ano5jv5jr2	0.07692307692307693	2296.865516890517	370944	Thumb
gj8d6r747dfjqvs9ss3huiilh0	0.15	319.28682539682546	348552	Thumb
gjnvbr1ombad59a35ds84stc9q	0.04838709677419355	217.95221767479833	399408	Index
gjqrnn8ll95rvm42iu0ata5fj5	0.0	369.01573879551825	273600	Thumb
gjvuli5d0cbb65jpfujd2n97pd	0.3709677419354839	152.59474316006578	230400	Thumb
gkautjq69un303a81odt6b1jvk	0.203125	297.94261532738096	370944	Index
glak4t90cofpt4m87h2duu99s4	0.08064516129032258	202.68683865417736	250125	Thumb
glo6uqqvjghv1u19bkbqg0hrqn	0.13636363636363635	295.1824117801391	304500	Thumb
gm7botddoq9298c1lvb4rkglf8	0.16666666666666666	267.08134920634916	370944	Thumb
gmduf586a93bv9173llhg2844l	0.2878787878787879	381.8780586080586	348552	Index
gn39u2iqcnshuodto6u708e4dk	0.10606060606060606	621.7459027504482	301584	Index
gntugseiph6hchdmfn90ou187e	0.1015625	511.6477193813131	270000	Index
gnu23tgarn4o8dmr3mee1bgksv	0.5454545454545454	1105.6611904761905	230400	Other
go17pl4d5sajs32dgkppdf9q83	0.09375	386.58677908113395	230400	Other
gp57p9lhn7hk1v3c8u63rc6tcq	0.1583011583011583	345.85192289407405	266400	Thumb
gprhisfliuk2rc7g95rouemnj6	0.17857142857142858	563.043856292517	250125	Thumb
gq1c7k8ou12276fgcrubhq8o8f	0.109375	227.95931750541126	348552	Thumb
gq6tnkgad2ld78pegcrabd5nm8	0.12064343163538874	25410.994952783298	230400	Thumb
gqqucouij2rhailcu5dvtgndjn	0.532258064516129	296.8391129032258	280800	Thumb
gr9j9tgpjrgpfktg5gl086v01k	0.14754098360655737	4475.167060239397	334443	Thumb
gsor9mbsvoja8ko0ude0eat3qb	0.12698412698412698	359.13601090267764	359552	Thumb
gukhq6fqa5td0laj89r0f957ld	0.35294117647058826	127.96290266106443	370944	Thumb
gv2r13qfifkdth6umu9lb4j9bh	0.03076923076923077	214.59245843899689	367504	Other
h04i97lsvpdh70nkh5hp82f9ta	7.5	70.66666666666667	358028	Thumb
h0n00dok158qf2d7k1cl6ulos4	0.3	2050.3987235449736	250125	Index
h1l6krhsq1ft811prl4up01qo3	0.078125	757.6456895968615	304500	Thumb
h2871fit6n824aik6o9g4pqqaj	0.27722772277227725	146.99483698369838	301584	Thumb
h2pcki2vdamg5qo17rn2i1ufud	0.26153846153846155	311.7447252747252	370944	Thumb
h4dacp31aomdq6u6r1omb1ttjs	0.08333333333333333	267.49604437229436	304500	Index
h5e2ncb40hd9fvsfmaplclpa7f	0.05263157894736842	415.0618212197159	304704	Thumb
h61adespi8dka4uv1iq5onbsq5	0.0	248.27499999999998	230400	Thumb
h66losvf2buouqpqu8rlbq95n8	0.0	368.5222222222222	266400	Thumb
h8ckomnqa1g4rbu45tafqjbtap	1.2941176470588236	613.7626488095239	301584	Index
h8nssui4mtaco3ts1i5cu4vc7j	0.32608695652173914	227.56845238095238	273600	Thumb
h8qf4nrf9n05nt1jabach0g45o	0.05714285714285714	168.94563492063492	230400	Thumb
h9jivoaeqa3jkn5gd7po9mplnu	0.05	208.36855043105044	250125	Thumb
ha5o3fo5m9f2thqs36ofntb4br	2.5	138.33333333333334	273600	Index
hau57vntf1l4pt85ms1tuoubs0	0.08163265306122448	189.8039277615808	182400	Thumb
hbi82r4nfjnsbch82tl2r46oft	0.20634920634920634	337.40816612840416	266400	Index
hch9qedhgoovchf258launou02	0.1388888888888889	17019.43811142561	280800	Thumb
hcum35dlcr3kkdu49eml7pofbv	0.30158730158730157	488.94156015941724	280800	Index
heq7aitr9mdbe487hai6io3lko	0.03225806451612903	529.5649223088739	288000	Thumb
herb2t890e1jpji6ja6abudfil	0.16176470588235295	260.52517507002807	230400	Index
hggeotn7kb7bmojucj6ec0cr1n	0.5344827586206896	275.4938844680224	259200	Thumb
hgof0d3oddim33gghtvfvc5pum	0.6557377049180327	466.1769385896436	358028	Thumb
hh4bv0fg35l2e0i595rl29juip	0.08163265306122448	1070.496598639456	266400	Thumb
hh806ihmb23f3nvrtv9k6bvrse	0.17692307692307693	2273.490782380013	367504	Index
hi28obrqs13hh1hr4cm8rhhk07	0.13253012048192772	3470.830907178498	250125	Thumb
hjgq6ugun93f0v756jc8h1jec6	0.06666666666666667	1091.280476190476	280800	Thumb
hk781o3a4vnc9feg5uvcjjk18p	0.3181818181818182	286.4145743145743	230400	Thumb
hkdstg964msgtfpfiunjh3di1d	0.06976744186046512	181.92839608711702	370944	Thumb
hkeqrb6iia12sev1slfd6i60r5	0.2222222222222222	259.8171075837742	304704	Index
hkio5vh70aud91l55g98orbfbg	0.3333333333333333	617.5830717893218	339076	Thumb
hkjbhacbaj4bbfa41bo4p7d8b7	0.11666666666666667	200.8230741943242	367504	Index
hma0pbllo3qvteu37hhsdnol2n	0.14754098360655737	881.5511146867703	370944	Thumb
hmcrdt14a2le00t6m1ee1e6n63	0.3333333333333333	290.0277129763241	280800	Thumb
hmfmg3tj6espdahbbf7t94nv3q	0.1044776119402985	355.433092653615	376980	Thumb
hn4t4r4cvp8tnl1p6hu89r7j6h	0.1484375	410.8938114402958	273600	Thumb
hndn1ua12v1uku7dufpltitpcs	0.05	514.4923465423466	389232	Thumb
hnn5b4k0ampd0ama4hadc3cg0i	0.27419354838709675	559.8505195968905	304704	Thumb
hoeosl36b8logh0smtnshbsk89	4.2	369.38095238095235	304500	Thumb
hp6uhnljbog6ame63e0td47t9j	0.5	377.65	280800	Index
hrp2o5rmv0cg9q0ck1dekvafl9	0.2631578947368421	255.9631217710165	370944	Index
hship2861vrqd7v93254hjv8qn	0.04285714285714286	247.75158163265306	280800	Index
hsqguoojkagtnrdfnq5g7gbtqp	0.03125	499.22701317779445	230400	Thumb
ht0cn7kukg6algik4upt9iglbm	0.5263157894736842	203.597201336675	280800	Thumb
htfrh6cu4j66lqe67uqo86ogg7	0.016129032258064516	235.36261520737327	280800	Index
hu9el7ftro5d3v3rsa3k0ok6en	0.1	354.13138888888886	230400	Index
i0k33gpcflub14gvknvpvajlmk	0.03076923076923077	121.08295149295148	348552	Thumb
i1hp55rra7p0qccs4d9gjs06g7	0.4444444444444444	926.0277777777778	230400	Other
i2p5lhsdi38rtlgic8p2p018gv	0.125	299.71175595238094	230400	Thumb
i2v65cok320mprtljd4b97ea6h	0.016666666666666666	434.99505471380473	273600	Thumb
i3d1f2bnn5orjg0g9dueg0do8f	0.0	298.61071428571427	273600	Thumb
i3sne1b6g362pqpifk9pbg6q27	0.047619047619047616	313.3965608465609	280800	Thumb
i5es6221ptao2jq67fh52f6ihr	0.0	563.2857142857143	301584	Other
i64r9k1hrdhhrsjmkpeh1bom0l	0.8333333333333334	158.93333333333334	334443	Thumb
i6a9hj09u6m2r213nhiuaccgif	0.174496644295302	2336.25089010089	348552	Thumb
i6ornite7vubhe2rh6a7ce3hgc	0.6666666666666666	4898.900000000001	273600	Thumb
i75kgumh4u04jpl3474ep6o0kk	0.1111111111111111	218.08531746031747	428275	Other
i928u55scpr1mojtk59vrb8s7e	0.12658227848101267	157.89280051874988	266400	Thumb
ia3shoqkilp0ndi4hk7o9s97op	0.1044776119402985	150.62865434731106	304704	Thumb
ia93qopa1577cp8l94klrh2f6g	0.3125	444.2955672799423	273600	Thumb
ia9hetmnvc4te4c8rtsu38no8p	0.22857142857142856	336.71972582972586	230400	Index
iajrrvb5ia3fol6ljbirinhcs4	0.0625	525.1040313852814	304500	
ibnurdatch4vt7e7drbtm3grek	0.17037037037037037	388.4597432211238	358028	Index
icve199m9m9fol9bavkenh4pqm	0.0364963503649635	457.1664454766644	266400	Index
id9e17kp7pqt3sd9eke0ekhtdm	0.07407407407407407	644.8591325957992	379480	Other
idrp5ekftd81mibhpoln2sm5k9	0.06153846153846154	267.2700549450549	250125	Index
ig0rmii1o1jm4ss5g3ilubjufm	0.35135135135135137	140.61215638715643	326190	Thumb
ig1qgtnbfs3vqdoij1pb2poqkc	0.12903225806451613	337.93663549711937	367504	Thumb
igmtoofij0rscc7v9o8ojf0kpu	0.056451612903225805	3486.406058860495	354061	Thumb
igo6ks7cridpphkt7q51r8prf7	0.014492753623188406	183.27014398644832	367504	Index
igtvnvcioqsp781f8gsmqntmul	0.5818181818181818	5327.372077922077	359552	Thumb
ih2ceaacq9glr1qu7lfrm7p49k	0.3076923076923077	338.0164351851852	273600	Thumb
ihk4kneo4ll9uc3en26of4i1r8	0.16129032258064516	11166.85299073686	304500	Index
ihvd53g8t45a6mnfrnu1mjmpc7	0.15873015873015872	135.96170033670032	272520	Thumb
iip8h46rs7rhb4o2bn8as180st	0.03278688524590164	143.32620585243535	280800	Thumb
ijcudkbfobn835dd7f8r3a7ktk	0.1044776119402985	197.2295739915143	273600	Thumb
ijralksrjqli0o3vat2jk1pboe	0.4	268.1799319727891	334443	Other
ik64m3449ghs4rjtg1pb4mme9j	0.14285714285714285	232.0413449749916	339076	Index
ikjt54gqh7grhalvppnkdj9gsm	0.06666666666666667	363.8761628186628	230400	Index
ili9rb99fuhjpm6tv5bojj83p7	0.0	235.78339394732254	370944	Index
ilq2v57ppi1dscv34r2tpbh6l4	0.14925373134328357	437.0307170342885	273600	Thumb
im8l5e4mkjcude93penmvl4fqi	0.047619047619047616	2347.410889507318	304704	Thumb
imnoc7hs5hm7fgf476kuscslhd	0.19047619047619047	181.71398809523808	204800	Thumb
inh2na7ee74qp5r50v3pdf88vb	0.014925373134328358	141.51251480691778	370944	Index
io3f81o3hmkrctv3eknpuikad6	0.08823529411764706	143.20276610644254	250125	Thumb
iodk9l34aonei39g2ira26bquc	0.11290322580645161	233.365549414743	250125	Index
ip2sn8tuqcr4rb9so9idfpkjfc	0.23076923076923078	382.97619047619054	348552	Index
ip6krc8k02vdui4pnvqj7roaml	0.17054263565891473	4034.0818326806702	250125	Thumb
iph3n8hs4u876u428ro7r14kp4	0.19529837251356238	23260.793902338602	370944	Thumb
iqamr6omelefmc9g4jmu0dj5ur	0.4375	191.84322071158007	250125	Thumb
iqikiob1l2e0tit40vgctqeq6j	0.1875	311.98028273809524	266400	Thumb
iqnrmp3galg93vtpc4bu8o1g2k	0.03787878787878788	162.05685125060123	304500	Thumb
ir3oefnlf2k1794rkoor4r81ah	0.4057971014492754	205.86307850764376	259200	Index
ir8jqislt00b04b3lmb7v1g6rj	0.1719077568134172	233091.77295137022	266400	Index
is5bfseu20up18lpl6k6a5nafe	0.9166666666666666	398.9069253431754	204800	Thumb
it1usgu71rddrnrebgusid71dk	0.06153846153846154	220.82921245421244	259200	Thumb
it6qltl836j9pr3bi5g21pj34c	0.09375	211.2036644345238	358028	Index
itqfp0ti5lf0pnqjvat6k5pgiu	0.030303030303030304	490.35851105964747	370944	Index
iug30gum7e7nsde8ornudj21fi	0.140625	181.08020447434512	367504	Thumb
iv7p8pnj26bhrf4cqi7jp7r1rr	0.046153846153846156	194.97779387279388	370944	Index
iv85ue7knv7ol54kraph4ocj86	0.8108108108108109	222.24561932061934	182080	Thumb
ivvalu51g9mhe1v0goknnp3hbg	0.0967741935483871	125.36684878741329	370944	Thumb
j1bfvbgbi2nrehmj9t3nl32e8d	12.045454545454545	510.0894943944944	280800	Index
j1ejqn70d9iqf0qulsme3d3uu1	0.0847457627118644	251.03993139628736	259200	Index
j1m5hnpod7fhl9ho1757v4pfvo	0.1267605633802817	473.1494445695151	182400	Index
j2kmu1i6imbulhrmrq0msbe9bv	0.058823529411764705	199.99760843731434	273600	Thumb
j2qbfkngnge6j5m3bdqjsuhtm1	0.06557377049180328	359.21054159865633	230400	Thumb
j4e11s5dpa8qirimk7gk9i9sg1	0.15873015873015872	257.77218156622916	302400	Index
j51mbgg21loim8c2jfb7lrmruk	0.35384615384615387	651.0610717060716	230400	Other
j597nohd581alcegkin766uubv	0.07407407407407407	320.7391848377959	259200	Thumb
j5ckae4oho9ptccidv1h4p0np5	0.1323529411764706	364.0620702826585	259200	Other
j5rcesiu6aai72kdpi9nr1d6ni	0.0	504.49444444444435	230400	Other
j6nlqvv211aqjk65sa8nt38mmp	1.0	960.9747023809523	266400	Thumb
j705850kl9opcn7838vrtd9rm5	0.11764705882352941	1800.9450572303513	230400	Thumb
j70tfvqa0e1cs4a81hpn05f933	0.23076923076923078	425.23931068931074	230400	Thumb
j77m92v53f1ioei34huj2v3jv1	0.04225352112676056	169.55453795031258	250125	Thumb
j78aropd05eno10k92cvqocp2u	0.5217391304347826	309.2947002492457	230400	Index
j78g5srt7sa994nbm1fhlasv3q	0.0	280.54133333333334	348552	Thumb
j9culrfmetipnopqj90o4iirl3	0.35294117647058826	671.9598972922503	273600	Thumb
jaajl1cuss3q0ei335261vnnv9	0.26785714285714285	2846.3643990929704	230400	Thumb
jah7suprgvkmve9kpel188mpm5	0.24621212121212122	1806.7097301162644	358028	Index
jbnjhiaekc4tnvqfgjirenknlo	0.6666666666666666	292.43	367504	Thumb
jc4c1rqsp9hbpf585tftpgj20v	0.0684931506849315	233.67785635217143	273600	Thumb
jclk7m2upsqn0qf21n6rppdhpr	0.05084745762711865	292.65183277174805	370944	Index
jdq47e988l8912cj7m4n2aebfi	0.08527131782945736	5775.660737389227	370944	Thumb
jf3s6djj73rtii4nkmc3cgtng2	0.6666666666666666	303.89375	259200	Index
jhapml1gcqn210910vk76ol6ea	0.05454545454545454	6416.302813852813	266400	Index
jjhl7tv92g0tnb95n9viv4d9ov	0.35502958579881655	44402.31610553969	288000	Thumb
jk8q2kcktnl7ghnq7umston91p	0.016129032258064516	331.4233191539643	273600	Thumb
jktev4s0k73g5hivqu2rn3f6rq	0.2	257.4293709691669	250125	Thumb
jlm5hmu3f3sc9vovr6hjhnbu46	4.0	16.4	280800	Index
jnd80bh5locqdjli1hg81vp9c5	2.9	351.770987654321	319272	Thumb
jo0cu6uaseeqlnfm069ebeabc7	0.05555555555555555	5269.427193133145	266400	Thumb
jo5vflre4iaul9mji0imd5anl8	0.0847457627118644	185.51177024482115	334443	Thumb
jq4nvupqihmp5kmd13rlh9i4du	0.14285714285714285	815.9543461829177	334443	Index
jqhvdp5iu8o8f98hvco46ouat7	0.043478260869565216	452.1583882301274	348552	Thumb
jrsccajsd17f8f8c7husnm1gfs	0.16923076923076924	157.79472638472635	370944	Thumb
jtrn7s22hhe2cde0a3vntdtn2j	0.46875	2342.6928571428575	367504	Thumb
k1o3oo9q6j244b7vkkbl2ifpre	0.0	329.17261904761904	230400	Thumb
k1tbt41h5ja7s3cvi218g40mc2	0.031746031746031744	193.01962711010327	348552	Thumb
k2p6pavnh4k34ll6majkeffqkg	0.05714285714285714	225.06936507936507	367504	Index
k3ga8qla7bact246kpm6nq2aqo	0.06060606060606061	261.8505132493769	273600	Index
k4ku4dldn7tt8k7vke7lh8otjp	0.047619047619047616	266.0454894752514	304704	Thumb
k4ueu6qo0neo557nqtnbqlsh2b	0.1076923076923077	481.7325457875458	277560	Thumb
k57n50c9r9lp4vhth156sha3tt	0.109375	298.5376618173493	280800	Index
k5bqdo2qb6tv2lk0fngse9ladc	0.09923664122137404	1894.6696322907862	266400	Index
k5gk1b1fi8iljqr57htms5rjbc	0.10294117647058823	118.11600723622782	304704	Thumb
k5ndvcsirtoa0pjgqsceic1k3t	0.17647058823529413	174.01561836855953	370944	Thumb
k76143qb1s002ndencqk3bsocf	0.0625	134.00231500270564	250125	Index
k7mlmitkkpgjgte2knh16f7ah4	0.015151515151515152	172.64944083694084	319272	Thumb
k8qv7bccclpd0i1fppeu85noeu	0.0	441.5	259200	Thumb
k9eg4bj7fvmuk6ugvqnpkfjs4m	0.0	330.41648001756704	259200	Index
ka1fh32offunicjic5h5tmdrb0	0.125	287.96133766407206	259200	Thumb
ka5i96jnn2ec1js0b8tg5s9ucs	0.06818181818181818	479.6498524413297	304704	Index
kankem8tlnni3il98p509evrv4	0.35294117647058826	870.8133432539682	273600	Other
kavsodl30sulqjlc90pe80magi	0.0	737.2761904761904	230400	Index
kbj0heinq21q0b39hotculorvt	0.047619047619047616	576.3217793229697	259200	Thumb
kd7793oacm982c2c902ht785r3	0.14814814814814814	329.4986331569665	358028	Thumb
ke6720krbeqof0b0n3aot7vped	0.08270676691729323	9529.964357102795	277920	Index
kf0gcbkpbge3m88ibgaoki2839	0.12322274881516587	641.4117996142877	301584	Thumb
kf30lkt6klt9da5tblfjcsr820	0.12121212121212122	201.32849326599327	304500	Thumb
kfmi3nejcdvpp09s1r8mn886qg	0.23958333333333334	412.1693103972051	273600	Index
kgqo0u2698ndsv0j0ft477qst3	6.666666666666667	13.247619047619049	280800	Index
kjeffsigklmi93dnv5stavpkij	0.2318840579710145	112.0281803542673	304704	Thumb
kjj1cjnm9j92sajutbkll9dduf	0.07258064516129033	468.4072349917108	370944	Thumb
kkcmntsoqsb65bn13djrvlhtm3	0.125	297.51876240079366	358028	Thumb
kkii07dglk60ei56ipv80hkpi8	0.11666666666666667	156.269803992304	370944	Index
kkvsraondqp4a104df0961i7e2	0.0	3725.6455633925457	250125	Index
knfks5c94ok9oql7ptt6gv2imn	0.21666666666666667	549.3159523809524	230400	Index
knsf5esqsobad5mh1v8113ueq4	16.5	11.5	280800	Thumb
kntfanfnaq4oofcrecpek3pb35	0.9230769230769231	375.0201298701299	334443	Index
kpd1e1c9sjuflva6ragregt52f	1.1666666666666667	145.21212121212122	283881	Thumb
kq0hsr7es2v5brq0aaethn7kbt	0.14492753623188406	188.7175873643265	304704	Thumb
krsg1l0i042kjn778rpp6pb1gm	0.03225806451612903	143.37825780849977	370944	Index
ksibdpmp7dg2hceoh8gab5o2sa	0.22727272727272727	193.3166049018322	304704	Thumb
kskh7rjl2fom6a6jrcbmrh052o	0.034482758620689655	1600.9315059461612	304500	Index
kt21fs2t9rc6ku0s15n5v2c8ct	0.2982456140350877	1793.7334067491963	304500	Index
kui3tgvr1u0fnmcoma1d018crl	1.0	194.55	389232	Thumb
kupjs18o2tt01rosebcdtr0tda	1.5	298.59509379509376	230400	Thumb
l1eppgb65scqr7lp35vg7ij1df	0.2	200.16666666666666	230400	Thumb
l1jrsgrnupn8a1938l8l4qhvn3	0.1111111111111111	320.8275641025641	326190	Thumb
l1ua4skt77a79vsnv6jql7j5c0	0.09523809523809523	382.606630714964	181760	Thumb
l2eb2ecafjbjohdsfm37ig2m6t	0.1388888888888889	145.26656445406445	304704	Thumb
l30b1sdkf3crunsgiql0mld96i	0.0963855421686747	129480.72298413694	376980	Index
l31ueilehgmabbd7ijibgvbo4o	0.015873015873015872	253.75365961199293	259200	Index
l3qjtddgd2dhu05fot09vbdqt1	0.27472527472527475	288.9910582010582	204800	Thumb
l6446b960k3290r1nsjebd9vat	0.3	332.605	306064	Other
l6cf3uum3ucrlsonja81rtdu2i	0.2972972972972973	352.6320618118563	259200	Thumb
l8cm7uj17ofjnqhterc7np2f3o	0.16853932584269662	2791.3479629764743	348552	Thumb
l9dvhm1jkk1d8qm8bdn4cac9sf	0.13846153846153847	510.7994571834415	280800	Thumb
l9rbdi17htbqp560hh043hjlg7	0.0	306.3194162608225	367504	Thumb
lbmbergkt0ot9r5ls75oq4o37d	0.25	652.8891666666666	280800	Other
lchak6re7iijkmftn921a67qa4	2.0	264.0609126984127	273600	Thumb
le1m98im51pntmmmi6oo7lc0g8	0.25	179.80019226213255	269280	Thumb
lf5k3hgnu6fjc740btgpiekvt5	0.09230769230769231	191.43959595959595	304500	Thumb
lf74nk8ihu43661j0ndd01mqja	0.06153846153846154	149.19308191808193	358028	Other
lg17e00pmk1eo0fpk3e0qo7hfc	0.045454545454545456	672.7209686147187	334443	Thumb
lied1d3ra6mfbcc5em8vc32pf9	0.06756756756756757	281.8433051558051	370944	Thumb
list9hlgshcruo3bka60acc0r3	0.16666666666666666	114.09561507936509	268920	Thumb
lj1i3ipnl98h82i3718063ovjh	0.11666666666666667	214.72674931549935	348552	Index
lk19fmfrbpaofkkg09pv62mqhg	0.03125	149.10752333603895	304500	Thumb
llv4eccrmduf4bui18965e0229	0.04838709677419355	226.86284620397524	266400	Thumb
lmfrqdle8q3d6nmqoruhgbv3o4	0.40625	242.07640636273447	230400	Thumb
lmj6p4gisi5fm7gjeq45fqti11	5.5	61.0	367504	Index
ln78em546k3e8asmvu6i3o0fsk	0.046875	252.11502356150794	304704	Thumb
ln7ccrpj4oqvg6j2tkajmn07bg	0.14666666666666667	2269.894213856714	301584	Thumb
loct7t81o769tl7pkh8g9kkk62	0.015625	385.28731997169496	358028	Index
lp6ejphhjkctqm0bg8m35pkjiv	0.3125	170.35728542291042	348552	Thumb
lq1dpuiucgbeqmfjrv92q79qf9	0.14754098360655737	3358.938203167506	389232	Other
lq50305gn809vi6h537s3sge32	0.047619047619047616	124.001562106324	358028	Thumb
lqhtmvt616si4ir4jf7dcglr17	0.07246376811594203	414.3952354408876	288000	Thumb
lql0mpqglhq9vl3rsvdnoo047c	0.16666666666666666	470.2930375180375	280800	Thumb
lr5ahi9u7cu6qs0lbbc3556deb	0.031496062992125984	398.2375254229585	304704	Thumb
lttj7f6v5n15he2h6jvr96cd8f	0.1388888888888889	57154.71199130087	370944	Thumb
lvf3et9qkfngfqjsdrie8oamlt	0.06349206349206349	1043.8076685219542	250125	Thumb
m0g1imjq75opdkika5al45fms1	0.13245033112582782	inf	230400	Thumb
m197i6n3qoe0rvkvgjcttmgrc9	0.0625	207.84651847718254	230400	Thumb
m19kp6kv22lnksntjptpuusbqj	0.2222222222222222	324.22343604108306	786432	Index
m217ee09f6m2f8uh7d48jlirle	0.07692307692307693	2141.084727772228	250125	Index
m2tgfcekkh79dp9f9lnetvnkid	0.15151515151515152	2299.634792543315	181760	Thumb
m3257i5dhq54oc7gn66fm9necq	0.3333333333333333	314.5351851851852	273600	Index
m3r7o5na0r0ck80biv0itbmk07	0.1925925925925926	472.51459591848476	230400	Index
m53ltuqgpu7rtrd8a7oskr9l6i	0.16129032258064516	307.69015840790036	358028	Other
m678crq115h33eg8jqsln77oa9	0.2158273381294964	174.2305542578924	250125	Thumb
m7uu05fia1muaa0g6ik0o803i3	0.5	728.5303571428572	280800	Thumb
m86pvp37t0cd6torr48dnj9gej	0.08196721311475409	259.0851814396897	182400	Thumb
m8ch4pkir0ur2ck167tl9obntf	0.4	601.1816666666668	399408	Index
m8e7j2ca0t3ni42jud4rgnll7r	0.05970149253731343	208.8548265167668	268920	Index
m8ikcd05kdgm2ib00sv98rddne	0.1791044776119403	99.45254248239324	304500	Thumb
m9slc8avbtm3jeqp49mi7tln0q	0.04054054054054054	180.9376524189024	266400	Thumb
ma6ktt2d1bm0qkggjgfo1uhgrb	0.08450704225352113	200.94689957929396	273600	Thumb
maknstf13kukkcr5sl4d6sr6he	0.20437956204379562	8343.349965462048	182080	Index
mal1eofij5erqv26velro385nc	0.21830985915492956	315.5476813483856	339076	Other
marhhssku0p8538g1o65f9mfp4	0.030303030303030304	87.30020333202152	230400	Thumb
mba80m6tqqt5h3qd4oj4f1bm3n	0.22807017543859648	761.3457659299764	272520	Index
mbb5bnvpmt0mhu267uem55ta2j	0.2	2745.524503274504	370944	Index
me7h4pk7pbtqnevuukegod0q70	0.09375	768.0133748196248	280800	Thumb
mf0dkpd4ohsa178ghvm2pdoapr	0.19117647058823528	115.84561867870694	250125	Thumb
mf6i7kacj98e1pc9uq9u2cqu5j	0.031746031746031744	2099.541421012849	280800	Thumb
mfkno12kb2650oojpogq97g345	0.14814814814814814	190.34300411522634	370944	Thumb
mfm67dapsdrkdqopth7mi6uvn9	0.030303030303030304	369.3288813459268	348552	Index
mh87u4fqcas1pj60atdtf1jij6	1.8666666666666667	159.00962962962961	304500	Thumb
mhgehm7qsv81iu8051acnemn65	0.06896551724137931	187.8488945578231	367504	Thumb
mhvoescea46b2bn0fo31487pu3	0.25	322.96785714285716	301584	Thumb
mhvr0t666526p7k9ka93oujpl0	0.046632124352331605	2915.6623257436117	230400	Index
mift212ua1u68fvlu6qs2hadcj	0.08783783783783784	208.42596988221987	266400	Thumb
mj22p10v5am7t6vidvveji8nm1	0.36065573770491804	712.0770952180786	250125	Index
mjcjtb0qpsrqvlm4jekd58rdq9	0.21875	118.14301271645022	181760	Index
mjjrf3h6fea2ih82n4tdf39ibs	0.5	129.15972222222223	259200	Thumb
mjuldsp4eao328had5hqsppsmu	0.0958904109589041	217.73120737709777	370944	Thumb
mm0f44qd2rtcjuhep810248lh6	0.2	1968.8720376382876	358028	Thumb
mmv95ln59eb47o26drldkjc82d	0.29591836734693877	6901384.338256909	301584	Thumb
mn0j6e75gftr7sj677l20cvof0	0.3333333333333333	3354.2550542461645	367504	Index
mopkjhhfcjuivjs8m3t99aavge	0.07462686567164178	191.5595427375278	277560	Thumb
mpbg7uo3k0cmf8pvmuc32jebcb	1.7777777777777777	240.49193121693122	280800	Thumb
mqi8gn9i8n55abe5kfm6vrhj4h	0.0	423.78243464052287	250125	Thumb
mrbtqc0eshofpjfru1bhjokjc3	0.2112676056338028	223.170115995116	181760	Thumb
mtlgq0js69e9e0d4kltrqnlufi	0.3787878787878788	262.1445499365954	215360	Index
mu3oto9ro4ctsoqirpmlmeo71a	0.07462686567164178	262.94872283603627	266400	Thumb
mv89200ll9ch49poa7dgcro6go	0.0	931.453373015873	273600	Other
mvoo1g2adep164ng8vrsl5mdor	0.36486486486486486	362.13586784836787	405000	Thumb
mvpu78atrut3ivr29nv9srsdcs	0.031746031746031744	197.7466868228773	250125	Thumb
n0g18dgd38vsomck6qsl4afo6n	0.0	601.460606060606	230400	Thumb
n0ic0affrt3f1tpp5obeifr6gn	0.0	415.20952380952383	259200	Thumb
n0jf2utg75pvnc4fo7frs26oov	0.13970588235294118	3753.885147695442	230400	Index
n1h8ue09kflkgp8r1e29n7t75g	0.014492753623188406	192.87526507309116	288000	Thumb
n1sr1tch2fqgqppetav47j0nfd	0.0	146.49809432190386	259200	Index
n21kjlf8hqt9tevs6ou344t2b5	0.04929577464788732	284.0157040380255	307632	Thumb
n2hmbhvoqpc3ra8u6tvf4thgij	0.11666666666666667	755.9367657342657	230400	Thumb
n2ne3ahmmi9v67fla96dd0bekr	0.14285714285714285	268.2702380952381	348552	Thumb
n3h28cs685811p05gtv3pnj2u2	0.3333333333333333	361.88452380952384	259200	Index
n482ad1l04eggilav0ve240vki	0.125	380.88715615981243	270000	Thumb
n5gteiaa2icno91iltu2q4gsrv	0.25609756097560976	667.6400454897406	280800	Thumb
n6ml9p7egar03rp99p8neh89if	0.11475409836065574	400.7671407372228	304704	Thumb
n75jc9shaunt4ud144sgd2ors1	0.0	151.531340926099	304500	Thumb
n7f1200vgkpqclvvms3a09q59s	7.569230769230769	46.06008804563492	367504	Thumb
n7qbflghj3ik937eh84u35bnjp	1.0	99.6343537414966	304704	Thumb
n8ek7e2n0lqid777j39gscha51	0.14173228346456693	136.4178608355774	304704	Index
n8qbv2hlt22u978m8q4m67lhrl	0.0	109.00232451240517	250125	Thumb
n8uh219pjujvbdi0mgi72t7840	0.3880597014925373	203.8382893226177	268920	Thumb
nbari5h7h8nh2bkke5dckoh6gl	0.11428571428571428	169.68516701552417	230400	Index
nbgb79ha0edcp4h415unsl6c1c	0.07692307692307693	239.0371522921523	334443	Thumb
nc76pua0eeaar7uotul8csmrhe	0.0234375	155.7985090863997	301584	Index
nchm275uqqs4a2fk3kqb4vp5mo	0.07692307692307693	542.8305184559031	273600	Thumb
nct8tah184rhpcpd7coeu3m226	0.13043478260869565	286.29543363239026	259200	Thumb
ndh15ncs8p4n2k397icloro1j5	0.3333333333333333	362.94002840193315	367504	Thumb
ndpmeoe3hnqoc4ubjkpjga6a5s	0.04477611940298507	254.32926286676283	230400	Thumb
ne2qhrm9um5g0mhpuhq850acid	0.028985507246376812	276.32802821172385	367504	Thumb
nfcbdlppmkrceq1lu5p424ed4r	0.2222222222222222	4496.348846171465	280800	Index
nffnu5fln2cg7krleb6ee0sejn	0.09774436090225563	186.3261354142933	266400	Thumb
ng398s8avt190m4ms266ocnsrr	0.20689655172413793	2156.797427476738	370944	Thumb
ngrbav5di4t1n2s7299o6qoi2f	0.06153846153846154	181.32185592185593	259200	Index
ni4nh0v5o0qehfj6q89qnj3hrj	0.038461538461538464	254.60968545343547	301584	Thumb
nis04sqc14aq52ll3aavdpgoqs	0.031746031746031744	257.96821474381	250125	Thumb
njlbotfnmd9738djudolm0hg2s	0.0	179.18315018315022	266400	Index
nk5kncs2nhs8nih8m8hk7m0hmo	0.1276595744680851	344.81049033708604	259200	Thumb
nke71i1nm3a9ecv8phpebrbodp	14.5	59.0	308898	Index
nlk620sb071v3rbolt0ibje7ra	0.18333333333333332	202.21464285714285	370944	Thumb
nm41m9hj9rhf6laqduke56apbk	0.8571428571428571	474.6666666666667	367504	Thumb
nmkr5vkio8fvbnrbk8gna22map	0.06060606060606061	189.19163441777076	250125	Thumb
nmvmn2re2gut5ocsh8orgocg5v	0.015384615384615385	350.4480158730159	358028	Thumb
nnftdkc1ceq5298741ls6bv0u2	0.016666666666666666	2176.190753968254	301584	Thumb
notiputctr5upv3tgcjjp97kug	0.24	188.92217532467532	273600	Thumb
nqqkn4eppumb959tmencb89ils	0.04477611940298507	479.5896646471273	182400	Thumb
nr180apuq6j4cm39ctjab06j4h	0.06557377049180328	172.28533756771458	250125	Thumb
nsbpc1d4jpf0caukktf6n3sonl	0.03125	204.09449686598123	358028	Thumb
ntli4vem537k1ek8ud0v6pvb8e	0.058823529411764705	273.8409287199728	370944	Index
nuiadcb5aiq746bqvned3v45si	0.014705882352941176	211.94171727940386	339076	Thumb
o0l0ru1uspq7df5nvd2erilb1n	0.4444444444444444	246.93592844545228	304500	Thumb
o1027jbnr98eu658nas5k9t0ke	0.18840579710144928	142.09057866449172	301584	Thumb
o21pje926ao8l6q1ffpt7nv7se	0.15151515151515152	308.29662042502946	273600	Thumb
o3s6228q51853hplk7r5hvqb78	0.0	262.64322429362755	348552	Thumb
o4f0nj3bltkia49p8gbela3f8h	0.01694915254237288	688.2862205591019	182400	Index
o52sk60ls5vsu6r0vvcmb8enrv	0.0	605.1106481481482	259200	Thumb
o8hub98ivihhn7m6hvtl81a7l8	0.18181818181818182	267.42045454545456	259200	Thumb
oaeqc5taq70va2hesdis7hf8k6	0.0	208.93583453583454	339076	Other
oalrsmh107rritak2u1hvnvtvo	0.04838709677419355	333.97399804496575	273600	Index
oamppgjl2pqqbvokcuvh660sri	0.25396825396825395	282.40508832565286	280800	Thumb
ob4mtlqhpto7iin9bjrbmbm8e5	0.028985507246376812	216.51082496408586	182080	Thumb
ocr2rnfj7qsmtu4crmk16gqtsi	0.06349206349206349	569.4515306122449	339076	Index
ocsq1tmvumrmgqb4cd940sf6nk	0.07142857142857142	200.18734126984126	250125	Other
oejps82tt73a82qfb95mh56uoq	0.12213740458015267	2829.2342754150004	250125	Index
oeu5nu2lmfgv24na1mhnqg0sb9	0.0	1005.6455026455026	277920	Index
of8c9ngiuv4dc5lcmn3ej4joqr	0.2903225806451613	2163.190956221198	348552	Index
ofhb4ih2ak5p7p68u1r4vl4g5h	0.0625	179.22847226558164	304500	Index
ohk3ohneptdg0sob2djh7e1p19	0.5454545454545454	786.6090909090909	280800	Thumb
oipbmnvmf87ap1usha6uthmsbs	0.08196721311475409	123.07431010220266	230400	Index
oj3k5jjl8l3hlo4iokitu18cru	0.05714285714285714	82.45793155257441	230400	Thumb
ojdn9slnkkh2pslv8pgqa0tcjl	0.046153846153846156	263.023036963037	339076	Thumb
ojmibbo266p48ko8qo3jjdbth0	0.125	303.2574404761905	348552	Other
ojr2g16tmksm2jsarskdkmajcm	0.046153846153846156	124.7907459207459	367504	Thumb
ojvuhe1ou373ic2kvt236vd0r7	0.0	384.1736111111111	230400	Thumb
okdpnrolmodv0faee913ke5u8s	0.1111111111111111	359.4073201284312	230400	Thumb
okeq8apdbm474jh431t6acsa80	1.3333333333333333	231.29112554112555	273600	Index
ol08ng1j74i3togha376tc8e4m	0.4307692307692308	306.69632312132313	230400	Thumb
omqvnrgj1ca1iftlilhpjs7nc9	0.4444444444444444	353.54375000000005	230400	Thumb
onflddt30doc89tscmaujiejno	0.45161290322580644	431.91796296296303	304704	Thumb
ope6sph9kfeles3ie9gm7cjfbc	0.19047619047619047	179.7606746031746	370944	Thumb
oqenr0uo2uhlcikklu30mq6igo	0.4507042253521127	248.85458356197796	230400	Index
orbtb88c62jta25brnea4fnp7s	0.0	597.6666666666666	273600	Other
otspihm5ughq2drepvghk7s3fv	0.0	306.24	334443	Other
ott6cjird9bbrj2cjc5gafjsha	0.2698412698412698	694.9249181153945	370944	Other
ouv85pqfdd63m3ksedjuin7seh	0.3333333333333333	1111.960647208228	301584	Index
ouvi5ec56ps44vn8rl75abdnlt	0.15463917525773196	734.38161047143	266400	Thumb
p1bekb2q78gngurtba6g4asndh	0.015151515151515152	228.16445187808824	259200	Index
p44g9qf853oqu21beok4uir2vt	0.17142857142857143	111.23492063492063	358028	Thumb
p4q2l5eipl5hdhbvfq41esb333	0.030534351145038167	381.9141871910956	358028	Thumb
p55o8r3n63h5lk9b4r9e19to0d	0.10606060606060606	221.43018551314006	367504	Thumb
p6tn8dqvhpenmckfcetokim0fv	0.11764705882352941	133.51165966386552	370944	Thumb
p70qpjv1k6hr3entladc63f09p	0.11666666666666667	210.01475468975468	230400	Index
p931af8rk84g1mir4huob3rhof	0.4426229508196721	260.433362903035	273600	Thumb
pbo7sikushk6pgalc8bctnqto6	2.015151515151515	414.8084306266125	259200	Thumb
pbujbq0r7r97sr8t8fk0789mac	0.11666666666666667	164.16900793650794	230400	Index
pbulk361rkrh7b8cb6l7f8vhi7	0.021739130434782608	5284.1772448152005	250125	Thumb
pflajhgmgfecsrrv68ru3b43n7	0.08064516129032258	221.6359097891356	370944	Other
pgmh8t9ip2meas4fj50mqtobce	0.15	248.03738446738444	250125	Thumb
ph5quer80kmi16qs3j1pcda8sf	0.1935483870967742	272.5467598261953	358028	Thumb
piauguq53eratuq087pjlhht0h	0.203125	195.9882857593795	304500	Thumb
pisrgnlvr49fr16ct35o90f8vv	0.15384615384615385	893.8774225774226	334443	Thumb
pl69ut44cbvmffdk3c18f19ptp	0.125	405.60643488455986	786432	Index
plk0ke2bra8up082e78p4fqnb0	0.07936507936507936	265.48599544194786	230400	Thumb
pm5af7fjuu1rigv72kkvd96tq1	0.014705882352941176	291.9543417366947	348552	Thumb
pn3md9fgkmsh706cpsj7ssgd67	0.2647058823529412	400.497298085901	304704	Index
pnlsjm1dhn8ucidarf62o4l718	0.352112676056338	544.1699437036393	280800	Thumb
pod99i75nrh3jmvvkst3kdkmtu	0.2357142857142857	235.62405972995256	204800	Thumb
pon0nl4q4uqn3lhjrhte7fekiv	0.030303030303030304	323.5967227217227	280800	Index
ppjchkal51qs7et9c0rbb022f5	0.125	694.421590909091	280800	Thumb
pr52nek8v0h6960poptq7sq6nm	0.3387096774193548	246.405047013918	304704	Thumb
prk5qcmqs7lppijp6gb6gep5rl	0.078125	163.90172991071427	250125	Thumb
puf0pmcs14nnmfivth024g30na	0.10666666666666667	192.8322813852814	367504	Index
pvohbjhijnpud0rit4ga9ui4d9	0.6666666666666666	279.46296296296293	266400	Thumb
pvokmvsshl23i4pt23djr304t6	0.07692307692307693	442.43490338721114	463926	Thumb
q05no99prvko7gcrdppundvenl	0.25	922.4154761904762	182400	Thumb
q12dm7ien4qlaa4nunha208nah	0.06153846153846154	1579.3150464919697	358028	Index
q24vsjmd40nvlckdosp58lvl7d	0.09090909090909091	295.52695320552465	280800	Index
q4kn53r2ncul4j7lhfpl4b5ko9	0.43283582089552236	201.86742639615773	266400	Thumb
q5a1gvqtnchjfcb26ov5skqfhg	0.15384615384615385	123.18983183483182	370944	Thumb
q7ki78eo6b4166ec2ta5eosr95	0.07936507936507936	253.6437504294647	301584	Index
qaci1s4srsev391p7naj1nimhc	0.24528301886792453	1558.3330163547141	370944	Thumb
qbjori9dtab54flimhlt94ge6h	0.014492753623188406	209.5765182884748	288000	Index
qc47tcc7vm2lnei9ofpa3f5qd1	0.203125	293.4367069128788	250125	Thumb
qd6imo0dflvbm1tanfcjk50552	0.046875	803.8806361607142	359552	Thumb
qe3ism46d0uhcfcr0rbpr60gsr	0.056338028169014086	566.6602173647948	358028	Index
qefhq2s8ed6tqv8vc5dcd6brfc	0.29411764705882354	256.9328431372549	367504	Thumb
qeuqv2cfh5gl4cqn8si4rsu0g2	0.1	397.89130952380947	358028	Thumb
qf8mk0od5tru1kgnfbrau007mc	0.015384615384615385	581.391605894106	348552	Thumb
qge0ctd4dtgqbnorer47fv5cg9	0.06666666666666667	194.86944444444447	273600	Index
qgr0mcjh3t7bep6c6sac88g967	28.25	47.46296296296296	280800	Index
qgs8cmn33ul54uknjpe267mikk	0.014925373134328358	234.85977310417607	348552	Thumb
qj1b6c9lqtjqslp2phgd7i7n2v	0.057971014492753624	513.3438688123471	358028	Index
qj2dt0en5angphdf8ndno06eeu	0.1076923076923077	244.21933732933732	259200	Thumb
qjq3i76ueufqke6vj334uq8joo	0.08064516129032258	147.6586149513569	266400	Thumb
qk9u0bvj261hledb58ak8i7cdh	0.0	129.58356481481482	304704	Index
qksq4skp0rilj3t9mvehhcoo3m	0.18571428571428572	266.85587043908464	358028	Thumb
qm1g61h8cl0t0rlifmbn571v7a	0.014285714285714285	147.66296172081886	348552	Thumb
qn7v99d459p3ekpeo8l3m473sc	0.0625	276.515822849026	250125	Index
qnd99g23q813ofafiar78ku942	0.0	334.1576512131659	389232	Thumb
qntdng7p3ela7n98anfd7srt6s	0.0	263.6873015873016	273600	Thumb
qo4adk1i095n2kv5855aumtoge	0.047619047619047616	284.4297619047619	301584	Other
qpg6t56086t5s263ho2o8lopju	0.5753424657534246	150.61407914764078	250125	Thumb
qpri6ac0nlt02g19vcp865f659	0.058823529411764705	282.97263655462183	304704	Thumb
qqbdnlfves6kub1foi28977ig5	0.0	344.4586826217261	319272	Thumb
qqk0le64j3eruogkrscpo7r8vp	0.21739130434782608	188.1554387641344	280800	Thumb
qqpho8i39f2btud13lsluuu5aa	0.09523809523809523	324.4329931972789	301584	Thumb
qsbaa4jt2eg1u7nfc19hs3s0qr	0.14814814814814814	241.30181623931625	370944	Index
qsrcd4t2v5lilrn1s2pvdcolaf	0.03007518796992481	877.8057258948235	273600	Thumb
qt2birpj63ch3nfov67e4p37qn	0.0	133.7844722985348	304704	Index
qtbh3m03llvmavlgm996ha3qom	0.0	1240.6190476190475	266400	Index
qunag8n8n9iqdncqvknv3874b2	0.2116788321167883	2578.149155544571	334443	Index
qv7225rs7qh2gs22mceo0a8d7b	0.203125	244.3514880952381	304704	Thumb
r06sai4ql3h2jf3nmujd9a4c3m	1.2162162162162162	392.36019620811294	301584	Thumb
r1ug5ndlbus96vi8oj9fvs9nn3	0.2222222222222222	147.2509562747658	339076	Thumb
r1ukcb6fl2tsf4pg9b0vdccds8	0.06701030927835051	13132.255986968356	280800	Index
r21jt4hd575enrjohj7r5iu8ao	0.12857142857142856	95.28580344258916	367504	Thumb
r2v2mn13dlerbh047mvs2ffmkt	0.03278688524590164	3702.3446265938073	250125	Thumb
r33kuj75ucioea17vnrbbmk469	0.08196721311475409	1775.1798074421026	259200	Index
r386k89adl3e372j4u62f73equ	0.1076923076923077	480.3128844246032	273600	Thumb
r3h3olh712oh75hd3o99kehabl	0.6774193548387096	575.0040343915344	273600	Index
r3m0oibdgrtsb93tbe8gfl921m	0.7241379310344828	144.78387188208617	266400	Thumb
r3vq8igmqsomk2t8glvp3tkctt	2.0	124.07222222222222	259200	Thumb
r45h97c67580bvc521u6r8v4er	0.016666666666666666	223.5987253487253	339076	Thumb
r47f7ai29dtfstad37ele3dpec	0.06896551724137931	757.7412556689343	273600	Thumb
r5idk8jujjcd6fg9acbonms58p	0.183206106870229	1824.0441429724124	280800	Other
r7jpl1v9g8v6rehftap3bmmfm1	0.22033898305084745	2231.0461237995723	230400	Other
r8br38gs97dttk4eace5on7noi	0.7142857142857143	918.7559523809523	230400	Index
raubosb7k45hdbj97mm6gb2lqp	0.034013605442176874	406.93628160271993	230400	Thumb
rbebami6qtjj6835q4cd5nb7uv	0.13432835820895522	300.16773065243217	367504	Thumb
rd855r5bms9kvgg2be0mjj4rde	0.109375	435.68585069444447	230400	Thumb
ref84uur2seft759hsh9up72k0	0.1323529411764706	209.53420709192767	273600	Index
rf6sa0t1jf00j1m4fp6qjf7g4l	0.16176470588235295	457.0903865334013	259200	Index
rg2tccarsouuel8rllpge36ga2	0.1111111111111111	568.3255291005291	304704	Thumb
rh2k4j4qr3vhd4a95olsr2rmk2	0.015384615384615385	139.14732225039916	268920	Index
rhlh0bp5fdmobnbmlo5gogdfec	0.23809523809523808	359.96343365629076	272160	Thumb
ri0ioma43go9kqbu5foj9m9bdb	0.171875	7155.896757669414	308898	Thumb
ri3i4iq3refgdp72v3h3sn9um8	0.01639344262295082	199.88298204527712	370944	Thumb
rj5i2ed2cd5lb0voda4dj3q7mv	0.21739130434782608	188.79377554812334	259200	Other
rjb4l6m13vmb7uphl1r9r476ps	0.06153846153846154	410.18838435069205	273600	Index
rjbrk9qslcuqhbqk7gkjouk647	0.1016949152542373	7391.679937388411	358028	Index
rjeidhg4hqbse5in2cqnvdsict	0.1	478.2809371184371	280800	Thumb
rk14ivq6bqs05p0choom5s3lbt	0.4090909090909091	407.55959764141585	259200	Thumb
rk9741c89c16kkjr3et9fgo2uk	0.05157593123209169	21745.52411249209	216320	Other
rkppohiv2dltud3igeoedbu2ip	0.041379310344827586	470.3072311787829	259200	Thumb
rl0d6b498n21j9vurkr58crnnu	0.2923076923076923	168.0268836718837	181760	Thumb
rl4qp0sqshln58m13bs3uoddi6	0.029411764705882353	253.993662464986	230400	Index
rlk8rtmn6gp738eakvcvqbp85i	0.16129032258064516	1662.5924314037215	250125	Thumb
rnctrgnba08rmiaescbc63f9d0	0.22950819672131148	1281.7099726775957	326190	Thumb
rnfhojlb55ags2q176qd0i7k3n	0.0	540.1916666666667	367504	Thumb
rngcgieu7gj3kj15ip50jt08f8	0.09523809523809523	276.65870434679954	280800	Thumb
rnoersipiqn5f21j3vh4v2fau4	0.031746031746031744	1819.7518174065792	358028	Thumb
rnqbq250bgd71foimp879i681h	0.25	81.375	304500	Thumb
romf91d67839gon7ru5amho7vo	0.3	392.27447191697195	270000	Thumb
rr3lothsb10hc0is2omp9tbloq	0.5076923076923077	277.5524074449856	358028	Index
rrpdl82f53qtgntin2mpj2hnbi	0.3157894736842105	241.66694767221085	280800	Thumb
rt9blpt16p57ems9tu3hr2c4fu	0.12745098039215685	218.20051495345612	230400	Thumb
rugaf3tqfbd2jf5gruvlm7dn9n	0.19117647058823528	341.7751809056956	280800	Thumb
rut9b7hh30o03oardc0tvbjnfd	0.5789473684210527	329.57675438596493	230400	Thumb
rv373rid6j3baq7q2m8plm29am	0.11594202898550725	235.8400143334926	277920	Index
rvstb55n7bo76mkoqn097o8kvv	0.39285714285714285	206.2379406307978	250125	Thumb
s250oj2rgiromsusd3tq9272e1	0.08196721311475409	1836.0224528658957	370944	Index
s2v3jskuqpqftr9o1gpgg9ig5r	0.15789473684210525	251.62364586632881	301584	Index
s2vhfld7s31hgtv9c5ip4q5s9k	0.10948905109489052	242.83689027922608	250125	Thumb
s3boj3dpfe11asvhgbifvtqc9r	0.19402985074626866	361.44803094915034	273600	Other
s494moo3hc53i710r86894fpqk	0.2	260.119943019943	348552	Index
s53rlfv0fsckniug5vkc6ouu71	0.06349206349206349	1306.422972353925	181760	Thumb
s6fkqd74u5lncv7cu7dcioqg90	0.42857142857142855	320.5212018140589	277920	Thumb
s7ngj4nh1ga84mlm3pjfhnagqq	0.053691275167785234	1236.6509713627165	358028	Thumb
s8850qu5b80tmbj9el1kiumbnu	0.06451612903225806	135.44788983418016	230400	Index
s8ttsiqjr5ogm8e445ea4kpc6c	0.49624060150375937	186.63241491173824	230400	Thumb
s93oq9svob4nh38ob2it29qvum	0.06666666666666667	111.10878306878308	370944	Thumb
s98po1u3330sc7tl5av0c0rhnh	0.0	521.1189144189145	348552	Thumb
s9a8d8kvrr0qq2pe0n0p67u618	0.1297709923664122	178.4642424793188	266400	Index
sau3ucue6gksfqhnqcscc2avt5	0.17647058823529413	207.36145833333333	304704	Index
saur1jh716qet2incj05uhaqqa	0.2231404958677686	4717.961276579252	182400	Thumb
sb0ncmov9u2pgski42h22978cr	0.1889763779527559	294.76000244287644	370944	Index
sbpcc39588kcn9cgkoa3drgce5	0.08571428571428572	1840.655646813504	348552	Thumb
scap57f92ooi7fi83quu52mn4q	0.21428571428571427	2303.6645329602643	339076	Thumb
schpf366cue7m1njid9v2cr8qi	0.015151515151515152	361.6614789671608	370944	Thumb
sd7nvd1hm1h4dvu1b5ur0uhdl2	0.19298245614035087	161.61231570573676	348552	Other
see4df1u1d35ft6b7d46cq87em	0.09090909090909091	189.30156325156324	304704	Other
sejoephp7tpti82huuhv9b384h	0.8070175438596491	524.5578365104681	266400	Index
sf9se3te3eftnd0q4vf9ct3qid	0.21212121212121213	327.66023656478205	230400	Thumb
shopiov5r4ro8ms5her6aai7g2	0.24015748031496062	3541.049772187567	326190	Thumb
siempmq490k8h6avlg00krp9bb	0.07692307692307693	682.1619348600117	280800	Index
sj50avsrj957kqbcb9camnq314	0.015625	325.01785714285717	367504	Index
skhneongpgp0ptkl3em3saq73m	0.27722772277227725	2368.8685253140698	370944	Thumb
sl5ubi9o9ihmal2bgsufpcefbj	0.19696969696969696	220.67187118437118	280800	Thumb
sm6b691pljseb8ec95otg73l5j	0.15254237288135594	229.8984934086629	348552	Thumb
sma2i123evkk1kkldsepjd21ro	0.2222222222222222	6573.707432030051	358028	Index
sngdnm4a29tbqmks4692lbhbop	0.16	1118.0798014430015	370944	Thumb
snt866f64985u8bdo0e4bajpn4	1.4840425531914894	9372.799262616816	277560	Thumb
sovi0i0ek3v5mv28nbamtt40rv	0.03389830508474576	528.8393126177025	358028	Thumb
sq86jspd0g00dtqnt4armhm51v	0.0	461.9824074074074	266400	Thumb
squohg4if0ep5ovccbn4gv1bv6	0.4264705882352941	189.0153377259995	230400	Thumb
srd48una6g1k4tkqj14cbildlq	0.15714285714285714	211.96287827252112	259200	Thumb
sskpq4g50eplklfahmfu288lki	0.171875	141.8115513392857	304704	Thumb
stkmv5i5h4lvu4cq944a14jlsf	0.35294117647058826	408.8187301587302	348552	Thumb
su4g9gsh5uvv4lfsl10cta7fq6	8.272727272727273	47.0	389232	Index
su957ol2l1jpmhvh1ff02antom	0.10687022900763359	209.78845992853627	280800	Thumb
sul0qfslfk30h6mrl1dp812gt5	0.1076923076923077	429.01102564102564	319272	Thumb
sv1s8pgjh6gq7t2r5vbmi4pg66	1.6666666666666667	535.5225589225588	230400	Thumb
t03foodju0jl0grdjrmad7cnos	0.07936507936507936	336.860503561694	377784	Index
t0hr7rfpalbg9n06eo7lmp05kb	0.2727272727272727	166.66717171717173	376980	Thumb
t0lct931bfd461qr7mtt4rq0cs	0.14634146341463414	330.36637366698346	280800	Index
t1jadim51ou7l1tqbo4gg328ie	0.16	293.4727783790284	273600	Index
t1n7ckaa6eelk85mgu4g2ge6m6	0.12121212121212122	243.23773663205483	230400	Thumb
t2lkrvm75vua6vnnsb7680i7cf	0.125	192.67235299422802	250125	Thumb
t3lnoeee4utvfdv4av0qaca0bh	0.0	221.7991409958801	250125	Index
t4ck1oobclb7cg6lfc7885ghg9	0.11940298507462686	112.13267321401649	367504	Thumb
t4ujv1f0h0sia1qnsikqa22f6u	12.409090909090908	25.799816849816846	273600	Thumb
t5s4cmji9k3psjhtivmehtmiu7	1.1	223.72577160493827	259200	Thumb
t7sf3fmcol8tndg0s83gnfrvdo	0.17391304347826086	213.58699155112197	250125	Thumb
t87h1u7rktm7h0ar1lvrpu02qt	0.32	167.6223918723919	273600	Index
t8j3vebtkojs98f82gf20l1su3	0.1111111111111111	174.13054299609854	301584	Thumb
t996kgtpffk0gq1u7uhnfi8stk	0.25	306.0078282828283	250125	Thumb
t9ee0hvshafop8s53q5nldrq6n	0.06349206349206349	192.71535651297555	367504	Thumb
ta401tjoignfshv44gab3tosjl	0.07692307692307693	150.88019314019311	250125	Thumb
ta7h6o2p6ghkm4d388qkp1acml	1.935483870967742	359.63378136200714	266400	Index
tbc45kcuiptlq08ghuioiu87sg	0.11764705882352941	871.7772889079874	273600	Index
tbckp6giggun9a2fg17rukufkd	0.03333333333333333	482.2888492063492	379480	Index
tbu9to06tuvnqrhsht1jnns3qh	0.3448275862068966	456.5770114942529	230400	Thumb
tc0l3id89qccat13e6u8atra8r	0.41025641025641024	298.4889828738513	273600	Thumb
tcq1l6a77u5f30dimi9kaqcflg	0.05555555555555555	298.06130401234566	230400	Thumb
tebbvjq11ah5vujrc0grhuvool	0.03125	277.4663332760989	259200	Thumb
tgao1rq52v714595mtr89veicf	0.096	1715.0965367965368	348552	Thumb
tgrifp8atnaivholtilstrknp2	0.015384615384615385	200.6455372405372	370944	Thumb
th0e3hh06f1f3cjh7a3nl1f90o	0.045454545454545456	240.55526695526694	280800	Index
th7dd037gkil21mojkbehj8s37	0.27586206896551724	224.24758087519714	348552	Thumb
ti7m9u2c111usfjl0up9jt9js2	0.17543859649122806	278.15585744664696	288000	Index
tie82l7r2eb0i0pp0p6o31pq6m	0.8181818181818182	271.91580086580086	272160	Thumb
tiine6mb13fkco89813b8sa4i1	0.0	438.08000000000004	280800	Thumb
tjaitrue4q54o0o1o1on8mpsqd	0.3333333333333333	183.89230599647266	348552	Index
toq355qiftp889ts7caj8c1dru	0.18248175182481752	401.7237209060201	230400	Index
tpij8ol8orel9lrktvpemi4a30	0.06896551724137931	563.1544334975371	170880	Thumb
tqu1fk4i2hk46r2vio1p0ehbp8	0.08823529411764706	126.34025443510737	358028	Thumb
tt1jookjprpt9bsqsae46lp88j	1.1846153846153846	295.86247182304874	376980	Thumb
tt2m83chuq2403ggflo58quel8	0.1	351.15999999999997	334443	Thumb
tuvv4vv2rhv6lqo9d34l3dds12	0.6470588235294118	230.19339402427636	259200	Index
tvd7b20n57ktfenvejtf684fq0	0.05	315.9840781440781	230400	Thumb
tvo6clenk24njcqgei63plmrkh	0.07462686567164178	315.44072494669507	348552	Index
u07fu0822630pnmup299umn99m	0.2857142857142857	542.3785714285715	273600	Other
u0g4uivv8cluuck6kno83kkrdh	0.05970149253731343	255.175162606879	280800	Thumb
u2vc8rcl5peufd6qgft3ro7cc8	0.046875	147.09176530934343	301584	Thumb
u4r7e8a4v272dljc3s5imn3ilr	0.028985507246376812	112.3671497584541	259200	Index
u5777na1io0jacfdtj9e4oe652	0.16766467065868262	25329.772574689367	358028	Thumb
u7jjds5obfv1dk9oj3kbom91bs	0.020833333333333332	333.29585663179415	266400	Thumb
u93m0e4v1qb1oblpu6linhd5c6	0.125	724.7130787037037	273600	Thumb
u9cfp73kqk16h34qb0rv2f8rfr	0.13636363636363635	201.6456759149941	280800	Index
u9d7vflesb909427pa23c44sfc	0.20304568527918782	2832.777973323912	266400	Thumb
u9jdvov6r097j9u2g4b3pdetpo	0.14285714285714285	269.4188041125541	250125	Thumb
uai1tjsrvpst99mhi8601crnos	0.0	358.64621971595653	230400	Index
uf20uqtmkgcmoeu2o44i9as0i4	0.20833333333333334	177.41309561783245	230400	Thumb
ug19dir9agjpeeb2rv8tkanlq2	0.14646464646464646	9938.040151024621	273600	Index
ug96bo3dlhorb5ievs16u32gf0	0.32558139534883723	174.10589225589226	358028	Thumb
ugbqrs0basr58h7crqcn8gkg3k	0.10526315789473684	573.023485797828	230400	Thumb
ugk00s26icc0hjuh8fleu6lu2i	0.12903225806451613	551.9346785830655	259200	Thumb
uhck7k19f9064g1kt1u0l4llhh	0.015873015873015872	129.00936633912823	370944	Other
uho17iaa824cddprfcfmi5iiuv	0.24193548387096775	279.2585963319834	273600	Index
uhvg857bfkja9bguatn4iqem5j	0.014705882352941176	217.54185606060608	266400	Index
ui5d3mo9220apb1nqd4lil1c2i	0.375	150.19851190476192	230400	Thumb
ui7cc423a2muf7qq6h8f84v9bc	0.09333333333333334	676.7843439153439	367504	Thumb
uj39f6kjqaj96sep1u79t8s6um	0.057971014492753624	330.4839923562749	288000	Index
uklvtqhf59h4qcodrn4rufm8t2	0.19047619047619047	191.81886446886446	348552	Index
ukq3g3fom508bchpg6oe4bo09m	0.35714285714285715	388.8628117913832	277920	Index
umd65cin6oj2eq14v80gddecut	0.19402985074626866	214.5778827722858	259200	Thumb
un6l5bp63noioqf7u8t5jocohm	0.15625	338.26971726190476	273600	Thumb
uocj4jegllva350cogl2gga8ku	0.8	382.15476190476187	301584	Thumb
upefvqs24ij0hldmicbt95l0gj	0.04265402843601896	1347.5996599240677	230400	Thumb
upf3hbrjcmj95hjpisuik5smt2	0.1553398058252427	616.0091165711311	358028	Thumb
uqj0mbspu20f3b2asvgfvvetji	0.029850746268656716	211.77297872111305	301584	Thumb
ur560uqv42c17lircrq5aii165	0.15384615384615385	112.3	280800	Thumb
ur69koooml6bna56tulae36kf2	0.0	298.46515151515155	384568	Index
uvvs8qdrmn83jbtn7v9k5foh7m	0.30434782608695654	264.644216853408	304704	Thumb
v2bufv9pt5vfj87qokgku6s7fi	0.14893617021276595	378.13932792975345	367504	Thumb
v30c018fnprd4qsa6mc6ots80p	0.047619047619047616	330.75336528550815	273600	Thumb
v3hciif7q6sqeaieaqv8da8omj	0.06666666666666667	2967.172495590829	348552	Other
v3u3u1b8frqsk0encofdk1t4s4	0.04477611940298507	182.00844048157484	304500	Index
v68g9831jvr3d9if3da6b5siis	0.8571428571428571	258.8587301587301	288000	Other
v6it30erev71b473htkvcpn495	0.0	157.53571428571428	273600	Index
v6svjh96edmpijtpir4u086v5d	0.35766423357664234	35167.96080118178	288000	Index
v709lbhevjhpig8ed1h9adi8f4	2.1666666666666665	12549.669017435557	250125	Thumb
vb0huv5nm1hnqktivmmq7h5sei	0.08542713567839195	3900.642420184505	230400	Other
vb0tlfh5i8eosq9ehf90jd7q2i	0.030303030303030304	1439.2100902884995	250125	Thumb
vd901jssgp0kbj0spag4anfc4f	0.15492957746478872	213.26185471414348	319272	Thumb
vdonb3c6qom2qtf9fubf0ldkbq	0.10526315789473684	335.94489633173845	250125	Thumb
vem5pjhdpuj3dbc5tqv51pih3n	0.35714285714285715	249.2804653679654	182400	Thumb
vgpsnt1r2srd1ijjpi861muk45	0.03508771929824561	164.03785853522695	370944	Thumb
vh6kcdnnts81d39s7qcemaps0r	0.27419354838709675	173.12795658642432	370944	Thumb
vhh8la63ns6da877r6i2c7ca43	0.125	269.582384672619	259200	Thumb
viokfhu3mhstiun8guh8f4lplb	0.14516129032258066	105.96857282502442	370944	Thumb
vj0lcbqnbljj65toi2tcqs69bq	0.03125	803.8133742559523	358028	Thumb
vkeltsd44aoejb4o4lbbptvlfe	0.0625	635.4047669778138	273600	Thumb
vmo0mksarctc46mg19v65ik2kq	0.0	290.069054715776	409920	Thumb
voeks40gkt1aj19jdard7vcc61	0.5	610.2454365079366	376980	Other
voeun5ddqp6vjqkj1ck0a2avml	0.014925373134328358	277.444240916629	259200	Other
vok8nn6asmnfjdsnok55c8g48p	0.3382352941176471	2377.215199435722	250125	Index
voqrtbk1p57i27u59n5hnkqju6	20.9	38.11574074074074	280800	Thumb
vp3gj1lnuscrth93cihblnidir	0.4	451.52842678688825	339076	Index
vqijis2mruu1qgajb6siblt2bt	0.08	427.3158685064935	370944	Thumb
vqo4kgpabrog60e8g7rgofgbs8	0.10071942446043165	149.98769841269842	304704	Index
vs9nmoj0kboa0uhoubblculnc7	0.045454545454545456	141.18404007608552	370944	Thumb
vs9o5ggaa18pakfr7j5p7p9rj9	0.23943661971830985	259.9766492896775	230400	Index
vtc9pr98mr2gs793s50jg9g15m	0.07746478873239436	288.0384497596728	230400	Thumb
vuidvssv54irp6vppd0vtlu2gq	0.13636363636363635	448.5210257335258	204800	Index
vvr5s7lo8lhibvfm37q7vag4mb	0.2	419.43218183525875	182080	Index
